Date,Open,High,Low,Close,Adj Close,Volume
2015-02-17,25.8,30.96,25.8,30.96,30.96,66000.0
2015-02-25,34.06,34.06,34.06,34.06,34.06,14400.0
2015-02-26,37.47,37.47,37.47,37.47,37.47,14500.0
2015-02-27,41.22,41.22,41.22,41.22,41.22,54800.0
2015-03-02,45.34,45.34,45.34,45.34,45.34,269100.0
2015-03-03,45.34,49.48,40.95,47.47,47.47,26072516.0
2015-03-04,44.2,45.5,43.1,44.24,44.24,13438186.0
2015-03-05,44.0,44.0,42.06,42.07,42.07,10068349.0
2015-03-06,41.98,43.2,41.01,41.25,41.25,7292743.0
2015-03-09,40.98,40.99,39.1,39.55,39.55,6494962.0
2015-03-10,39.54,40.67,39.42,40.35,40.35,4457138.0
2015-03-11,40.0,40.0,39.21,39.31,39.31,4379880.0
2015-03-12,39.06,39.45,38.01,38.16,38.16,5446868.0
2015-03-13,38.5,39.46,38.38,39.18,39.18,3772575.0
2015-03-16,39.55,40.36,39.5,40.28,40.28,5114398.0
2015-03-17,40.48,40.58,40.06,40.38,40.38,4839366.0
2015-03-18,40.39,40.79,40.07,40.65,40.65,5287241.0
2015-03-19,40.68,41.69,40.25,41.35,41.35,5761056.0
2015-03-20,41.36,41.5,40.76,40.91,40.91,4466154.0
2015-03-23,40.91,41.35,40.6,41.14,41.14,5140428.0
2015-03-24,41.15,41.19,39.61,40.45,40.45,5366348.0
2015-03-25,40.5,42.46,40.18,42.1,42.1,8778662.0
2015-03-26,41.9,41.9,40.7,40.98,40.98,4886764.0
2015-03-27,40.83,41.16,40.71,40.98,40.98,2393752.0
2015-03-30,40.99,42.19,40.9,41.36,41.36,4436506.0
2015-03-31,41.15,41.81,40.66,41.28,41.28,4707824.0
2015-04-01,41.23,42.17,41.16,42.04,42.04,5546449.0
2015-04-02,42.23,42.48,41.66,42.07,42.07,4795609.0
2015-04-03,42.07,46.05,41.68,45.28,45.28,9962369.0
2015-04-07,44.71,45.5,44.6,45.29,45.29,5679078.0
2015-04-08,45.48,45.7,42.8,44.02,44.02,5539326.0
2015-04-09,43.98,43.98,42.16,43.4,43.4,4754119.0
2015-04-10,43.01,45.39,42.88,45.09,45.09,5083208.0
2015-04-13,45.0,47.94,44.81,47.0,47.0,6919914.0
2015-04-14,46.51,47.26,45.49,46.71,46.71,5948206.0
2015-04-15,46.5,46.5,43.51,43.96,43.96,3900250.0
2015-04-16,43.9,44.9,43.0,44.28,44.28,3002031.0
2015-04-17,44.48,45.88,44.48,44.53,44.53,3647649.0
2015-04-20,44.59,44.9,43.08,43.17,43.17,3456277.0
2015-04-21,43.0,44.49,43.0,44.36,44.36,3367712.0
2015-04-22,44.0,45.38,43.8,45.26,45.26,5680425.0
2015-04-23,44.89,45.0,44.0,44.3,44.3,4712096.0
2015-04-24,43.67,44.04,42.84,43.4,43.4,3967061.0
2015-04-27,43.6,45.46,43.55,45.38,45.38,6011209.0
2015-04-28,45.0,45.9,43.1,43.31,43.31,4229635.0
2015-04-29,43.02,44.75,43.02,44.75,44.75,3807840.0
2015-04-30,44.89,46.45,44.6,44.85,44.85,7005808.0
2015-05-04,44.58,45.18,43.56,45.0,45.0,5004977.0
2015-05-05,45.25,46.0,43.78,44.09,44.09,4542750.0
2015-05-06,44.12,45.77,43.8,44.1,44.1,6199881.0
2015-05-07,43.93,44.09,42.1,42.2,42.2,4800820.0
2015-05-08,43.0,44.5,42.28,44.21,44.21,4064668.0
2015-05-11,44.15,48.63,44.15,48.63,48.63,16670984.0
2015-05-12,49.2,52.93,48.3,52.41,52.41,17908592.0
2015-05-13,50.1,52.15,49.01,50.5,50.5,10072300.0
2015-05-14,50.2,55.55,50.2,55.35,55.35,12639145.0
2015-05-15,54.2,58.8,52.0,54.66,54.66,9953348.0
2015-05-18,54.76,59.0,54.75,58.05,58.05,9935633.0
2015-05-19,58.94,59.7,55.5,57.3,57.3,7378649.0
2015-05-20,57.0,62.0,56.47,59.98,59.98,8837640.0
2015-05-21,60.0,61.25,57.85,59.21,59.21,6574563.0
2015-05-22,59.5,62.14,57.08,61.9,61.9,9104116.0
2015-05-25,60.5,65.48,59.5,64.5,64.5,6645356.0
2015-05-26,63.05,67.92,62.8,66.28,66.28,6620308.0
2015-05-27,66.27,72.85,64.65,71.76,71.76,7495445.0
2015-05-28,71.76,78.75,64.58,64.61,64.61,9704556.0
2015-05-29,62.52,67.63,58.3,62.5,62.5,10168586.0
2015-06-01,62.65,64.39,60.01,63.81,63.81,7330516.0
2015-06-02,63.81,63.85,60.04,62.24,62.24,6549019.0
2015-06-03,62.09,63.8,61.11,62.07,62.07,4334418.0
2015-06-04,61.7,61.77,56.0,58.5,58.5,5613129.0
2015-06-05,59.61,61.0,58.1,59.14,59.14,3992338.0
2015-06-08,59.2,59.45,56.55,56.89,56.89,3842896.0
2015-06-09,56.98,59.5,56.98,59.4,59.4,4638234.0
2015-06-10,59.41,63.55,57.02,61.95,61.95,5435281.0
2015-06-11,61.99,63.62,61.31,62.13,62.13,4950360.0
2015-06-12,62.22,62.77,59.45,60.01,60.01,5124729.0
2015-06-15,60.78,62.4,56.2,62.4,62.4,8264003.0
2015-06-16,62.3,68.59,60.1,67.3,67.3,12694042.0
2015-06-17,64.36,66.52,62.88,64.76,64.76,7469188.0
2015-06-18,64.75,64.75,58.28,58.28,58.28,6038429.0
2015-06-19,55.0,56.34,52.45,52.45,52.45,4082933.0
2015-06-23,52.5,53.45,49.48,52.75,52.75,3353490.0
2015-06-24,53.21,54.1,51.8,53.5,53.5,3907138.0
2015-06-25,53.4,53.4,48.46,48.76,48.76,4257949.0
2015-06-26,47.1,47.49,43.88,43.88,43.88,4082906.0
2015-06-29,45.33,45.8,39.49,39.5,39.5,4998730.0
2015-06-30,39.52,43.0,36.13,42.74,42.74,5520758.0
2015-07-01,42.75,45.5,41.6,42.05,42.05,5306368.0
2015-07-02,42.5,43.44,39.55,40.79,40.79,3372590.0
2015-07-03,39.97,42.49,36.89,38.81,38.81,3331252.0
2015-07-06,42.67,42.67,35.91,38.64,38.64,4349810.0
2015-07-07,37.33,37.9,34.78,34.78,34.78,2383184.0
2015-07-08,31.3,31.3,31.3,31.3,31.3,357400.0
2015-07-09,28.17,34.43,28.17,34.43,34.43,5431549.0
2015-07-10,35.5,37.65,35.5,37.65,37.65,3050495.0
2015-07-13,40.26,41.42,38.5,41.42,41.42,5167654.0
2015-07-14,41.8,44.8,40.1,41.74,41.74,7107780.0
2015-07-15,40.0,40.55,37.57,37.57,37.57,4018940.0
2015-07-16,37.57,39.2,33.82,38.0,38.0,3604269.0
2015-07-17,38.0,40.84,38.0,40.02,40.02,3414624.0
2015-08-11,44.02,44.02,44.02,44.02,44.02,181150.0
2015-08-12,47.0,47.0,43.79,43.85,43.85,6025803.0
2015-08-13,43.5,43.61,41.6,43.43,43.43,3443040.0
2015-08-14,43.47,43.69,42.8,43.0,43.0,2696420.0
2015-08-17,43.21,43.39,41.66,42.2,42.2,2094263.0
2015-08-18,42.34,43.59,38.2,38.3,38.3,2785185.0
2015-08-19,37.0,38.99,35.51,38.76,38.76,2296861.0
2015-08-20,38.3,38.93,37.12,37.36,37.36,1473886.0
2015-08-21,36.97,37.36,35.06,35.24,35.24,1519141.0
2015-08-24,33.26,33.66,31.72,31.72,31.72,1359889.0
2015-08-25,28.55,30.0,28.55,28.87,28.87,3263569.0
2015-08-26,29.6,31.66,28.51,30.18,30.18,2923850.0
2015-08-27,30.9,31.64,29.45,31.58,31.58,2250019.0
2015-08-28,32.3,33.76,31.1,33.05,33.05,3085819.0
2015-08-31,32.52,32.52,30.5,30.6,30.6,1923929.0
2015-09-01,30.51,30.51,27.54,27.54,27.54,2544161.0
2015-09-02,25.64,29.07,25.6,25.92,25.92,3147994.0
2015-09-07,26.5,27.99,26.5,27.3,27.3,2120080.0
2015-09-08,27.3,29.48,26.86,29.37,29.37,2677501.0
2015-09-09,30.15,31.18,29.5,30.78,30.78,3270029.0
2015-09-10,30.15,31.55,30.13,30.65,30.65,3071905.0
2015-09-11,31.6,31.9,30.47,31.04,31.04,4245756.0
2015-09-14,30.92,30.96,27.94,27.94,27.94,3431353.0
2015-09-15,26.8,27.51,25.17,25.45,25.45,2958987.0
2015-09-16,25.83,28.0,25.83,28.0,28.0,2727320.0
2015-09-17,28.0,29.27,27.6,27.62,27.62,3468509.0
2015-09-18,27.63,28.45,27.62,27.97,27.97,2233347.0
2015-09-21,27.5,29.21,27.3,29.21,29.21,2943215.0
2015-09-22,29.43,30.48,29.02,30.24,30.24,3972042.0
2015-09-23,29.86,30.5,29.41,29.99,29.99,3544402.0
2015-09-24,29.8,30.99,29.8,30.63,30.63,2932625.0
2015-09-25,30.37,31.38,29.9,30.69,30.69,3483468.0
2015-09-28,30.71,31.18,30.0,31.14,31.14,1994209.0
2015-09-29,30.48,34.25,30.24,34.25,34.25,4768081.0
2015-09-30,33.5,35.97,33.02,35.26,35.26,4802584.0
2015-10-08,36.0,36.87,34.55,35.8,35.8,5020473.0
2015-10-09,35.44,35.6,34.59,34.93,34.93,4012944.0
2015-10-12,35.01,36.68,35.0,35.4,35.4,5407494.0
2015-10-13,35.0,35.39,33.82,35.19,35.19,3888056.0
2015-10-14,34.7,36.2,34.42,35.87,35.87,4146569.0
2015-10-15,35.87,36.8,35.1,36.56,36.56,4844352.0
2015-10-16,36.53,37.4,35.51,36.11,36.11,4130980.0
2015-10-19,35.87,35.87,34.35,34.95,34.95,3573586.0
2015-10-20,34.76,35.48,34.64,35.18,35.18,3285806.0
2015-10-21,35.41,35.71,31.66,31.66,31.66,5024309.0
2015-10-22,31.28,32.8,31.11,32.53,32.53,4064982.0
2015-10-23,32.6,33.4,32.2,32.79,32.79,4108304.0
2015-10-26,33.14,36.07,33.09,36.07,36.07,5586632.0
2015-10-27,36.7,36.88,33.98,36.35,36.35,8111179.0
2015-10-28,36.0,36.3,34.1,34.25,34.25,4282921.0
2015-10-29,34.66,35.28,34.26,34.98,34.98,2602952.0
2015-10-30,34.8,34.8,33.5,33.97,33.97,3013000.0
2015-11-02,33.1,35.79,32.92,34.3,34.3,3290224.0
2015-11-03,34.31,36.14,33.81,35.98,35.98,5611159.0
2015-11-04,36.0,37.56,35.83,37.5,37.5,7313216.0
2015-11-05,37.5,37.65,36.41,36.66,36.66,5755440.0
2015-11-06,36.55,39.58,36.55,38.67,38.67,6549753.0
2015-11-09,38.8,40.75,38.15,40.2,40.2,6973898.0
2015-11-10,39.56,40.31,38.5,39.34,39.34,5117232.0
2015-11-11,39.0,41.75,38.8,41.4,41.4,6144213.0
2015-11-12,41.37,44.82,40.88,43.55,43.55,8252470.0
2015-11-13,42.79,43.6,39.3,39.35,39.35,6966244.0
2015-11-16,38.2,39.99,37.5,39.99,39.99,3355326.0
2015-11-17,40.5,41.1,39.0,39.25,39.25,3779679.0
2015-11-18,39.3,39.74,37.8,37.84,37.84,2499775.0
2015-11-19,38.1,39.6,38.1,39.56,39.56,2920416.0
2015-11-20,39.69,41.25,39.0,40.75,40.75,4306550.0
2015-11-23,40.7,41.01,39.01,39.4,39.4,3618319.0
2015-11-24,39.3,41.55,38.53,41.54,41.54,3927843.0
2015-11-25,41.35,42.87,41.1,42.17,42.17,4830721.0
2015-11-26,42.16,42.95,41.17,41.55,41.55,4078432.0
2015-11-27,41.13,41.37,37.87,38.55,38.55,3688729.0
2015-11-30,37.99,40.1,36.5,39.66,39.66,3401251.0
2015-12-01,39.01,40.69,38.8,39.39,39.39,3460453.0
2015-12-02,39.2,39.38,37.03,38.13,38.13,2605857.0
2015-12-03,38.2,39.5,38.2,39.35,39.35,2010051.0
2015-12-04,39.4,40.5,39.01,39.5,39.5,2764300.0
2015-12-07,39.45,40.39,39.2,39.86,39.86,2136940.0
2015-12-08,39.8,39.8,38.61,38.68,38.68,1808168.0
2015-12-09,38.0,38.74,37.6,37.6,37.6,2009048.0
2015-12-10,37.6,38.5,37.4,37.5,37.5,1942376.0
2015-12-11,37.5,37.5,36.9,37.25,37.25,1228075.0
2015-12-14,37.07,38.8,37.07,38.78,38.78,1764058.0
2015-12-15,38.7,40.49,38.5,39.68,39.68,2947992.0
2015-12-16,39.65,40.58,39.61,39.81,39.81,2307215.0
2015-12-17,39.9,40.73,39.9,40.66,40.66,2833520.0
2015-12-18,40.51,41.03,39.15,39.5,39.5,3000978.0
2015-12-21,39.3,40.79,39.18,40.53,40.53,2640832.0
2015-12-22,40.78,40.8,40.0,40.48,40.48,2046330.0
2015-12-23,40.48,40.89,39.88,40.21,40.21,3155026.0
2015-12-24,39.99,40.2,38.81,39.58,39.58,1925539.0
2015-12-25,39.52,42.52,39.52,41.79,41.79,5794251.0
2015-12-28,41.6,42.18,40.1,40.11,40.11,4261846.0
2015-12-29,39.98,40.1,39.08,39.98,39.98,2395063.0
2015-12-30,39.99,40.3,39.76,40.29,40.29,2390846.0
2015-12-31,40.45,41.42,40.06,40.93,40.93,4178589.0
2016-01-04,40.4,40.4,36.84,36.84,36.84,2778045.0
2016-01-05,34.2,36.7,33.88,34.99,34.99,2671850.0
2016-01-06,35.5,35.98,35.0,35.83,35.83,2321485.0
2016-01-07,35.7,35.7,32.25,32.25,32.25,486600.0
2016-01-08,33.4,33.46,29.03,32.03,32.03,2572045.0
2016-01-11,31.7,32.48,29.06,29.2,29.2,2922304.0
2016-01-12,29.45,30.5,28.95,29.94,29.94,1679709.0
2016-01-13,30.4,30.4,29.1,29.1,29.1,1818300.0
2016-01-14,28.1,30.36,28.0,30.15,30.15,1810625.0
2016-01-15,29.98,30.5,28.99,29.13,29.13,1676494.0
2016-01-18,28.2,30.29,28.1,30.27,30.27,1547427.0
2016-01-19,30.2,31.21,29.72,31.16,31.16,1669159.0
2016-01-20,31.04,31.2,30.41,30.6,30.6,1632843.0
2016-01-21,30.0,30.92,29.0,29.0,29.0,1473394.0
2016-01-22,29.43,29.69,28.66,29.64,29.64,1034850.0
2016-01-25,29.88,30.3,29.65,29.95,29.95,1022665.0
2016-01-26,29.73,29.73,27.06,27.37,27.37,1559135.0
2016-01-27,28.78,28.78,26.0,27.93,27.93,1365951.0
2016-01-28,27.5,27.9,26.05,26.22,26.22,996263.0
2016-01-29,26.2,27.57,26.2,27.3,27.3,1011974.0
2016-02-01,27.3,27.65,26.62,26.98,26.98,823317.0
2016-02-02,27.04,28.24,27.04,28.05,28.05,986616.0
2016-02-03,27.89,28.29,27.18,28.18,28.18,681579.0
2016-02-04,28.18,30.48,28.01,29.53,29.53,1785293.0
2016-02-05,29.12,29.55,29.01,29.09,29.09,821386.0
2016-02-15,27.93,28.73,27.01,28.58,28.58,679213.0
2016-02-16,28.62,30.05,28.62,29.62,29.62,1235783.0
2016-02-17,29.38,29.98,29.26,29.77,29.77,1280856.0
2016-02-18,30.0,30.07,29.58,29.82,29.82,1231283.0
2016-02-19,29.85,30.59,29.56,30.47,30.47,1921348.0
2016-02-22,30.54,31.0,30.54,30.85,30.85,1807736.0
2016-02-23,30.83,30.83,29.78,30.2,30.2,1708028.0
2016-02-24,30.1,30.3,29.4,30.18,30.18,1256096.0
2016-02-25,29.94,30.08,27.16,27.43,27.43,1802651.0
2016-02-26,27.79,28.45,27.14,27.89,27.89,1068136.0
2016-02-29,27.41,27.41,25.45,25.6,25.6,2081346.0
2016-03-01,25.63,26.58,25.5,26.31,26.31,1338879.0
2016-03-02,27.38,27.57,26.3,27.49,27.49,1294580.0
2016-03-03,27.11,28.16,27.11,27.58,27.58,1386752.0
2016-03-04,27.5,29.35,27.08,27.68,27.68,2218735.0
2016-03-07,28.19,29.32,26.8,29.21,29.21,2155290.0
2016-03-08,29.21,29.21,27.61,28.92,28.92,2404947.0
2016-03-09,27.8,28.5,27.74,27.99,27.99,1173038.0
2016-03-10,28.01,28.25,27.35,27.5,27.5,1114279.0
2016-03-11,27.26,28.19,27.02,27.7,27.7,853041.0
2016-03-14,27.99,28.93,27.99,28.68,28.68,1663198.0
2016-03-15,28.6,28.8,28.04,28.11,28.11,1177000.0
2016-03-16,28.47,30.91,27.68,29.89,29.89,2385906.0
2016-03-17,29.1,30.5,28.76,30.0,30.0,3344686.0
2016-03-18,29.85,30.98,29.52,30.71,30.71,3558848.0
2016-03-21,30.6,31.19,30.5,31.09,31.09,2969835.0
2016-03-22,30.71,30.98,30.44,30.45,30.45,2094679.0
2016-03-23,30.4,30.62,30.01,30.53,30.53,1504710.0
2016-03-24,30.45,33.58,29.81,31.82,31.82,5412486.0
2016-03-25,31.31,31.8,30.3,31.02,31.02,2549864.0
2016-03-28,31.02,31.63,30.44,30.51,30.51,1614773.0
2016-03-29,30.5,30.65,29.46,29.79,29.79,1307832.0
2016-03-30,29.97,30.88,29.97,30.87,30.87,1340701.0
2016-03-31,31.0,31.25,30.72,30.87,30.87,1633266.0
2016-04-01,30.56,31.27,30.5,31.19,31.19,1553055.0
2016-04-05,31.11,32.2,30.91,32.16,32.16,2388328.0
2016-04-06,32.0,32.74,31.56,32.47,32.47,2168909.0
2016-04-07,32.47,32.69,31.56,31.67,31.67,1726515.0
2016-04-08,31.12,31.65,31.01,31.51,31.51,1133875.0
2016-04-11,31.82,32.49,31.8,32.12,32.12,2626222.0
2016-04-12,32.0,32.5,31.57,31.88,31.88,2123807.0
2016-04-13,32.15,33.45,32.05,32.42,32.42,3244718.0
2016-04-14,32.97,33.45,32.45,33.2,33.2,2569506.0
2016-04-15,32.95,34.95,32.9,34.47,34.47,3399516.0
2016-04-18,34.47,35.58,33.78,34.98,34.98,2368772.0
2016-04-19,34.98,35.3,33.8,34.18,34.18,1919797.0
2016-04-20,34.42,35.2,32.3,33.92,33.92,2996795.0
2016-04-21,33.23,36.64,33.15,35.69,35.69,2875122.0
2016-04-22,35.05,35.54,34.3,34.61,34.61,2082006.0
2016-04-25,34.61,35.66,33.1,34.86,34.86,2541658.0
2016-04-26,34.5,36.45,34.49,35.75,35.75,1937264.0
2016-04-27,35.51,35.98,35.16,35.39,35.39,958061.0
2016-04-28,35.39,35.55,32.97,34.13,34.13,2223301.0
2016-04-29,33.57,33.98,32.3,32.5,32.5,2424797.0
2016-05-03,32.71,33.15,32.2,33.15,33.15,2815106.0
2016-05-04,33.18,33.48,32.85,33.44,33.44,2331833.0
2016-05-05,33.1,33.26,32.54,32.8,32.8,2293949.0
2016-05-06,32.8,33.04,31.12,31.78,31.78,2850332.0
2016-05-09,31.4,31.47,30.0,31.11,31.11,1549709.0
2016-05-10,31.1,31.2,30.56,30.7,30.7,808621.0
2016-05-11,30.85,31.43,30.62,30.7,30.7,1117908.0
2016-05-12,30.6,31.0,29.01,30.98,30.98,1076812.0
2016-05-13,30.78,31.0,29.78,30.04,30.04,963226.0
2016-05-16,29.55,30.96,29.55,30.29,30.29,1067872.0
2016-05-17,30.5,31.5,30.17,31.0,31.0,1657943.0
2016-05-18,30.67,31.79,30.56,31.03,31.03,2061057.0
2016-05-19,30.63,31.68,30.61,31.41,31.41,1304697.0
2016-05-20,31.0,32.19,30.7,32.19,32.19,1334639.0
2016-05-23,32.19,32.89,31.5,31.9,31.9,1938324.0
2016-05-24,32.85,32.85,31.82,32.0,32.0,1225393.0
2016-05-25,32.09,32.26,30.59,30.78,30.78,2706671.0
2016-05-26,30.84,30.84,29.51,30.5,30.5,1018970.0
2016-05-27,30.5,31.05,30.17,30.9,30.9,809246.0
2016-05-30,30.45,31.24,30.21,30.88,30.88,663502.0
2016-05-31,30.6,31.86,30.58,31.85,31.85,1701123.0
2016-06-01,31.9,31.95,31.4,31.51,31.51,2387330.0
2016-06-02,31.55,32.1,31.5,31.92,31.92,1862498.0
2016-06-03,31.92,32.5,31.55,32.3,32.3,3257136.0
2016-06-06,32.48,32.48,31.9,32.08,32.08,2985061.0
2016-06-07,32.1,32.66,32.04,32.6,32.6,2007894.0
2016-06-08,32.63,32.63,31.71,32.17,32.17,1612458.0
2016-06-13,31.6,31.88,30.25,30.36,30.36,1600036.0
2016-06-14,30.04,30.4,29.82,30.06,30.06,1161699.0
2016-06-15,29.9,31.26,29.8,30.89,30.89,1527888.0
2016-06-16,31.2,31.33,30.58,30.69,30.69,987266.0
2016-06-17,30.5,31.19,30.35,30.9,30.9,922518.0
2016-06-20,30.89,31.0,30.0,30.65,30.65,1328358.0
2016-06-21,30.65,30.9,30.14,30.28,30.28,1636786.0
2016-06-22,30.28,30.8,30.28,30.78,30.78,1126623.0
2016-06-23,30.6,30.94,30.5,30.87,30.87,1001144.0
2016-06-24,30.8,31.0,29.27,30.19,30.19,1407241.0
2016-06-27,30.4,33.2,30.19,33.2,33.2,4445760.0
2016-06-28,33.0,36.08,32.7,34.3,34.3,7923256.0
2016-06-29,34.55,34.55,33.26,33.79,33.79,3544250.0
2016-06-30,33.78,34.33,33.4,33.99,33.99,2577234.0
2016-07-01,34.2,34.48,33.34,33.46,33.46,1637898.0
2016-07-04,33.29,34.0,33.0,33.95,33.95,2245573.0
2016-07-05,33.75,34.18,33.7,33.92,33.92,1876914.0
2016-07-06,33.97,34.15,33.51,33.89,33.89,1576749.0
2016-07-07,33.89,35.8,33.72,35.24,35.24,3824087.0
2016-07-08,34.89,35.45,34.61,34.93,34.93,3013795.0
2016-07-11,34.92,35.3,34.1,34.16,34.16,1681013.0
2016-07-12,34.36,34.88,33.01,34.07,34.07,1911244.0
2016-07-13,34.27,34.46,33.76,33.99,33.99,1484815.0
2016-07-14,34.01,37.1,33.78,37.1,37.1,5469655.0
2016-07-15,36.7,36.8,36.1,36.49,36.49,3801180.0
2017-05-02,40.0,40.0,36.8,36.9,36.9,9498653.0
2017-05-03,37.0,40.59,36.98,40.59,40.59,6918619.0
2017-05-04,41.5,43.93,40.7,41.97,41.97,9025084.0
2017-05-05,40.7,41.68,39.55,39.9,39.9,5179782.0
2017-05-08,38.55,39.16,36.0,36.03,36.03,5084389.0
2017-05-09,35.85,39.15,34.75,38.22,38.22,4805365.0
2017-05-10,38.0,38.14,35.85,36.0,36.0,3171489.0
2017-05-11,35.7,35.7,34.03,35.45,35.45,2767320.0
2017-05-12,35.01,36.35,34.87,35.48,35.48,1901372.0
2017-05-15,35.29,37.5,35.11,36.8,36.8,2375470.0
2017-05-16,36.43,37.44,36.43,37.44,37.44,1995467.0
2017-05-17,37.4,37.4,36.13,36.14,36.14,2752016.0
2017-05-18,35.08,35.54,33.86,34.17,34.17,3166709.0
2017-05-19,34.25,35.18,33.7,34.83,34.83,1932578.0
2017-05-22,34.87,35.15,33.48,34.08,34.08,2030137.0
2017-05-23,33.94,34.59,32.91,33.02,33.02,2585702.0
2017-05-24,31.99,32.76,31.54,32.2,32.2,2402444.0
2017-05-25,32.27,32.85,31.78,32.25,32.25,1136308.0
2017-05-26,32.23,32.8,31.0,31.04,31.04,2429101.0
2017-05-31,31.88,31.99,31.07,31.13,31.13,3551131.0
2017-06-01,31.0,31.0,29.69,29.79,29.79,3235384.0
2017-06-02,29.52,30.37,29.2,30.13,30.13,1714715.0
2017-06-05,30.15,31.58,30.15,31.25,31.25,2140695.0
2017-06-06,31.39,31.71,31.02,31.25,31.25,1494642.0
2017-06-07,31.27,32.0,31.01,31.9,31.9,2425389.0
2017-06-08,31.91,33.17,31.9,32.0,32.0,2702626.0
2017-06-09,32.2,32.29,31.65,32.24,32.24,1434198.0
2017-06-12,32.1,32.5,31.71,32.46,32.46,2276706.0
2017-06-13,32.35,32.98,32.11,32.79,32.79,1284020.0
2017-06-14,32.7,32.7,31.8,31.93,31.93,1350610.0
2017-06-15,32.12,32.95,31.91,32.87,32.87,2467686.0
2017-06-16,32.86,33.91,32.71,33.7,33.7,2455507.0
2017-06-19,33.76,34.87,33.33,34.78,34.78,2214202.0
2017-06-20,34.78,35.74,34.44,35.65,35.65,2759919.0
2017-06-21,35.48,36.07,34.9,35.66,35.66,1881688.0
2017-06-22,35.68,35.91,34.91,34.95,34.95,2232823.0
2017-06-23,34.96,37.99,34.22,37.27,37.27,2429299.0
2017-06-26,37.27,37.68,36.59,37.45,37.45,2869311.0
2017-06-27,37.6,38.47,37.07,37.1,37.1,2685499.0
2017-06-28,37.07,37.27,36.56,36.7,36.7,1315094.0
2017-06-29,36.78,37.44,36.42,37.0,37.0,1229113.0
2017-06-30,37.0,37.39,36.32,37.39,37.39,1158864.0
2017-07-03,37.18,38.94,37.18,38.38,38.38,2643594.0
2017-07-04,38.38,38.51,37.42,38.11,38.11,1365655.0
2017-07-05,37.94,38.87,37.72,38.4,38.4,1621847.0
2017-07-06,38.28,38.5,37.05,37.52,37.52,2326582.0
2017-07-07,37.12,37.8,37.11,37.2,37.2,1464659.0
2017-07-10,37.19,37.19,36.2,36.47,36.47,1761368.0
2017-07-11,36.33,37.15,35.46,35.58,35.58,1915928.0
2017-07-12,35.46,35.94,34.71,35.5,35.5,1983841.0
2017-07-13,35.6,36.46,35.41,35.77,35.77,1609584.0
2017-07-14,35.75,37.4,35.62,37.34,37.34,2502422.0
2017-07-17,37.19,37.95,34.44,36.81,36.81,3493726.0
2017-07-18,36.64,36.94,34.98,36.18,36.18,2145623.0
2017-07-19,35.96,36.94,35.0,36.93,36.93,2369886.0
2017-07-20,36.68,38.6,36.31,38.45,38.45,3408328.0
2017-07-21,38.13,38.48,37.57,38.44,38.44,2205705.0
2017-07-24,38.29,38.4,37.02,37.66,37.66,1818500.0
2017-07-25,37.67,38.17,37.05,38.01,38.01,1591924.0
2017-07-26,38.0,38.0,36.85,37.09,37.09,1637053.0
2017-07-27,37.01,37.6,35.95,37.42,37.42,1779097.0
2017-07-28,37.05,37.41,36.66,37.0,37.0,1198080.0
2017-07-31,37.01,38.45,36.67,38.29,38.29,2891753.0
2017-08-01,38.31,38.37,37.11,37.27,37.27,1805571.0
2017-08-02,37.07,37.46,35.68,35.7,35.7,2870067.0
2017-08-03,35.52,36.38,35.3,36.0,36.0,1443729.0
2017-08-04,35.8,36.0,35.11,35.66,35.66,1292083.0
2017-08-07,35.48,35.95,35.31,35.7,35.7,702094.0
2017-08-08,35.42,35.88,35.36,35.46,35.46,900587.0
2017-08-09,35.73,36.15,35.46,35.92,35.92,816029.0
2017-08-10,35.89,36.1,34.86,35.7,35.7,1328765.0
2017-08-11,35.31,35.7,35.04,35.12,35.12,838136.0
2017-08-14,34.92,35.7,34.92,35.68,35.68,803999.0
2017-08-15,35.8,36.49,35.76,36.12,36.12,1079957.0
2017-08-16,36.12,36.49,35.92,36.2,36.2,1069500.0
2017-08-17,36.01,36.92,35.98,36.83,36.83,1604050.0
2017-08-18,36.83,37.66,36.42,37.49,37.49,2515948.0
2017-08-21,36.9,36.9,35.51,35.69,35.69,4772725.0
2017-08-22,35.68,35.75,35.3,35.45,35.45,2017764.0
2017-08-23,35.49,35.66,35.03,35.37,35.37,858528.0
2017-08-24,35.41,35.68,35.05,35.11,35.11,957837.0
2017-08-25,34.99,35.6,34.95,35.31,35.31,1134119.0
2017-08-28,35.3,35.99,35.2,35.75,35.75,1391795.0
2017-08-29,35.75,35.75,35.31,35.37,35.37,996305.0
2017-08-30,35.4,35.76,35.2,35.48,35.48,638079.0
2017-08-31,35.41,36.81,35.31,36.55,36.55,2547319.0
2017-09-01,36.72,36.72,36.33,36.6,36.6,1310757.0
2017-09-04,36.73,37.66,36.73,37.56,37.56,3259276.0
2017-09-05,37.36,38.16,37.24,37.29,37.29,2397987.0
2017-09-06,37.26,37.8,36.95,37.37,37.37,1809950.0
2017-09-07,37.37,37.86,36.99,37.4,37.4,1722997.0
2017-09-08,37.08,37.8,37.08,37.3,37.3,1484021.0
2017-09-11,37.3,39.72,37.12,39.01,39.01,4985591.0
2017-09-12,39.14,39.49,38.41,38.75,38.75,2953435.0
2017-09-13,38.74,39.35,38.21,39.21,39.21,3048243.0
2017-09-14,39.08,40.6,39.0,40.19,40.19,4031302.0
2017-09-15,40.19,40.8,39.8,40.6,40.6,2721667.0
2017-09-18,40.5,40.5,39.17,40.11,40.11,3888350.0
2017-09-19,40.1,42.6,39.5,42.5,42.5,5587462.0
2017-09-20,42.08,46.69,41.66,45.35,45.35,7880665.0
2017-09-21,45.34,46.97,44.22,45.68,45.68,5445588.0
2017-09-22,44.87,47.49,44.06,46.9,46.9,6024343.0
2017-09-25,46.03,46.5,42.22,46.15,46.15,7033711.0
2017-09-26,44.36,47.9,43.1,46.39,46.39,7556758.0
2017-09-27,45.25,46.5,44.5,45.75,45.75,4636547.0
2017-09-28,45.18,46.4,44.82,45.94,45.94,4433039.0
2017-09-29,45.5,47.79,44.89,47.45,47.45,6419695.0
2017-10-09,47.45,50.3,47.06,49.51,49.51,15394462.0
2017-10-10,49.38,49.47,47.48,49.23,49.23,10503947.0
2017-10-11,48.3,48.99,47.5,48.19,48.19,5019341.0
2017-10-12,47.9,48.58,46.26,48.52,48.52,5583180.0
2017-10-13,47.8,48.72,46.81,48.45,48.45,5708652.0
2017-10-16,47.82,47.88,46.88,47.33,47.33,4141200.0
2017-10-17,46.9,47.95,46.4,47.74,47.74,3068467.0
2017-10-18,47.48,48.85,47.21,48.25,48.25,3922266.0
2017-10-19,47.92,49.72,47.92,49.36,49.36,4738569.0
2017-10-20,48.67,51.92,48.67,51.6,51.6,6542252.0
2017-10-23,51.79,53.48,50.8,52.32,52.32,5357023.0
2017-10-24,51.6,52.81,50.7,50.72,50.72,3218283.0
2017-10-25,50.82,51.49,49.82,50.65,50.65,3960769.0
2017-10-26,50.52,52.39,49.87,52.05,52.05,5443097.0
2017-10-27,52.03,54.97,51.53,54.36,54.36,7768765.0
2017-10-30,53.86,53.86,49.78,51.6,51.6,5757607.0
2017-10-31,50.86,51.6,49.69,50.85,50.85,3889924.0
2017-11-01,50.16,52.88,49.81,51.8,51.8,7487824.0
2017-11-02,51.2,51.99,49.88,51.22,51.22,5973087.0
2017-11-03,50.56,53.5,50.38,51.39,51.39,7099787.0
2017-11-06,51.08,51.98,50.45,51.84,51.84,4562642.0
2017-11-07,51.29,52.5,51.03,52.1,52.1,4464032.0
2017-11-08,52.05,53.8,51.74,53.0,53.0,5445232.0
2017-11-09,53.0,54.77,52.7,54.3,54.3,7508404.0
2017-11-10,53.88,56.97,53.8,56.55,56.55,8979397.0
2017-11-13,56.46,58.98,55.6,58.03,58.03,8049361.0
2017-11-14,57.6,58.3,53.45,56.94,56.94,7601425.0
2017-11-15,55.81,56.96,55.18,55.87,55.87,4161100.0
2017-11-16,55.19,56.71,54.76,56.09,56.09,4680600.0
2017-11-17,55.46,56.2,55.2,55.8,55.8,5389283.0
2017-11-20,55.0,55.75,52.01,55.18,55.18,2895800.0
2017-11-21,54.93,55.96,52.48,55.2,55.2,6583523.0
2017-11-22,54.6,56.25,54.04,55.4,55.4,6708940.0
2017-11-23,55.4,55.45,49.86,52.0,52.0,5256480.0
2017-11-24,51.0,51.36,48.16,48.26,48.26,3384472.0
2017-11-27,47.82,48.25,45.65,47.55,47.55,3289458.0
2017-11-28,47.48,48.58,47.0,48.05,48.05,5483027.0
2017-11-29,47.51,48.16,46.5,46.82,46.82,3535861.0
2017-11-30,46.9,48.3,46.0,47.35,47.35,5744406.0
2017-12-01,47.1,48.34,46.82,47.6,47.6,4983382.0
2017-12-04,47.3,47.3,45.0,45.21,45.21,1664011.0
2017-12-05,45.21,46.19,43.4,44.85,44.85,3289189.0
2017-12-06,44.58,45.8,44.01,45.58,45.58,2728378.0
2017-12-07,45.0,46.38,45.0,45.93,45.93,3840569.0
2017-12-08,45.4,46.98,45.4,46.67,46.67,3271228.0
2017-12-11,46.66,47.41,46.37,47.28,47.28,2145898.0
2017-12-12,46.98,48.31,46.91,47.33,47.33,3302805.0
2017-12-13,46.9,47.55,46.4,47.31,47.31,914800.0
2017-12-14,47.0,47.5,46.69,47.1,47.1,937700.0
2017-12-15,46.8,47.31,45.64,47.09,47.09,1197299.0
2017-12-18,46.81,47.57,46.41,46.89,46.89,1043618.0
2017-12-19,46.5,47.96,46.5,47.31,47.31,2595375.0
2017-12-20,47.3,47.3,46.3,46.31,46.31,800575.0
2017-12-21,46.2,47.05,45.25,46.3,46.3,2669793.0
2017-12-22,46.01,46.68,45.45,45.76,45.76,881448.0
2017-12-25,46.14,46.24,45.5,45.78,45.78,779694.0
2017-12-26,45.85,46.1,45.32,45.84,45.84,734307.0
2017-12-27,45.99,46.28,45.4,45.5,45.5,1069753.0
2018-01-05,46.5,49.49,46.5,48.1,48.1,3196862.0
2018-01-08,48.3,48.98,47.5,48.0,48.0,2042711.0
2018-01-09,48.0,48.0,46.7,46.97,46.97,1542448.0
2018-01-10,46.5,46.89,43.03,46.01,46.01,2814250.0
2018-01-11,45.0,46.79,44.52,46.25,46.25,1907832.0
2018-01-12,45.88,47.88,45.8,47.29,47.29,3812585.0
2018-01-15,46.88,47.95,46.27,46.89,46.89,1683385.0
2018-01-16,46.35,48.45,46.35,47.95,47.95,3483818.0
2018-01-17,47.8,48.73,46.9,48.29,48.29,2319419.0
2018-01-18,48.38,49.4,48.0,49.19,49.19,2544676.0
2018-01-19,49.4,49.45,48.02,48.78,48.78,1724200.0
2018-01-22,48.3,50.62,47.6,50.55,50.55,1768489.0
2018-01-23,49.98,51.76,49.9,50.55,50.55,1128800.0
2018-01-24,55.61,55.61,53.0,53.4,53.4,5096983.0
2018-01-25,49.2,53.9,48.99,50.68,50.68,8142220.0
2018-01-26,49.5,51.75,49.01,51.15,51.15,5205482.0
2018-01-29,50.77,50.77,46.52,48.1,48.1,4252722.0
2018-01-30,47.12,47.83,46.61,46.65,46.65,1245800.0
2018-01-31,46.4,46.64,44.18,44.7,44.7,1741415.0
2018-02-01,44.8,45.5,41.53,41.6,41.6,1795884.0
2018-02-02,41.31,42.5,39.77,41.84,41.84,1571941.0
2018-02-05,41.41,41.44,39.9,40.0,40.0,1320850.0
2018-02-06,38.82,39.92,38.01,38.75,38.75,1593567.0
2018-02-07,39.69,39.69,36.52,38.24,38.24,1645575.0
2018-02-08,38.3,38.6,37.61,38.38,38.38,2593108.0
2018-02-09,36.8,37.76,35.7,36.54,36.54,1546905.0
2018-02-12,37.2,39.0,36.82,38.6,38.6,2319794.0
2018-02-13,38.57,39.47,37.96,38.38,38.38,2335179.0
2018-02-14,38.25,38.45,35.8,38.1,38.1,3342703.0
2018-02-22,38.2,38.86,37.22,38.8,38.8,1997326.0
2018-02-23,38.78,39.77,38.0,38.77,38.77,2840157.0
2018-02-26,38.77,40.6,38.73,40.6,40.6,5291839.0
2018-02-27,41.0,41.38,39.88,40.24,40.24,4744663.0
2018-02-28,39.8,40.5,39.6,40.03,40.03,3422886.0
2018-03-01,39.8,40.78,39.71,40.26,40.26,4000369.0
2018-03-02,40.0,40.39,39.3,39.9,39.9,2914822.0
2018-03-05,40.0,41.57,39.88,41.49,41.49,9507403.0
2018-03-06,41.2,41.54,40.61,41.14,41.14,6893813.0
2018-03-07,41.11,41.8,40.78,41.77,41.77,7259581.0
2018-03-08,41.52,41.96,41.11,41.69,41.69,6684467.0
2018-03-09,41.61,42.45,41.21,42.3,42.3,5480803.0
2018-03-12,42.3,43.57,42.22,42.79,42.79,7112204.0
2018-03-13,42.9,42.99,41.48,41.48,41.48,4510018.0
2018-03-14,41.16,41.86,40.71,41.17,41.17,3677413.0
2018-03-15,40.98,41.12,39.13,40.0,40.0,4089906.0
2018-03-16,40.02,40.66,39.76,39.78,39.78,1939778.0
2018-03-19,39.78,40.66,39.4,40.44,40.44,2397539.0
2018-03-20,39.66,41.93,39.66,41.49,41.49,4519091.0
2018-03-21,41.48,41.7,40.68,41.31,41.31,4474754.0
2018-03-22,41.01,41.45,40.09,40.7,40.7,4310805.0
2018-03-23,39.25,39.7,37.24,38.6,38.6,4678078.0
2018-03-26,37.34,38.97,37.34,38.9,38.9,2497718.0
2018-03-27,39.4,40.05,38.9,39.38,39.38,4377448.0
2018-03-28,38.85,39.47,38.52,38.9,38.9,2463656.0
2018-03-29,38.8,39.27,38.38,38.88,38.88,1950654.0
2018-03-30,39.7,41.9,38.91,41.41,41.41,6389573.0
2018-04-02,42.0,44.48,41.85,43.4,43.4,9236884.0
2018-04-03,42.5,44.0,42.0,43.4,43.4,5056525.0
2018-04-04,44.1,44.47,43.1,43.48,43.48,4490807.0
2018-04-09,43.45,44.0,42.05,42.89,42.89,3537823.0
2018-04-10,43.21,43.99,41.88,43.59,43.59,4795551.0
2018-04-11,21.87,21.87,20.0,21.31,21.31,9221918.0
2018-04-12,21.0,21.25,20.23,20.54,20.54,8470290.0
2018-04-13,20.5,20.73,20.11,20.46,20.46,5059452.0
2018-04-16,20.29,20.39,19.61,19.8,19.8,6976836.0
2018-04-17,19.8,20.27,19.4,19.68,19.68,4798400.0
2018-04-18,19.89,20.68,19.36,20.54,20.54,8467179.0
2018-04-19,20.5,20.55,19.92,19.98,19.98,6488610.0
2018-04-20,19.81,20.27,19.23,19.38,19.38,5548671.0
2018-04-23,19.3,19.74,18.6,19.1,19.1,7530135.0
2018-04-24,19.02,19.65,18.94,19.38,19.38,9786698.0
2018-04-25,19.1,19.34,18.51,19.11,19.11,10107555.0
2018-04-26,19.0,19.08,18.48,18.6,18.6,6357656.0
2018-04-27,18.6,18.88,17.95,18.5,18.5,7753516.0
2018-05-02,18.45,18.74,18.21,18.56,18.56,6498036.0
2018-05-03,18.56,19.16,18.24,19.03,19.03,12043206.0
2018-05-04,18.89,19.08,18.69,18.83,18.83,7590200.0
2018-05-07,18.84,19.48,18.58,19.2,19.2,16436442.0
2018-05-08,19.04,19.17,18.69,19.0,19.0,12933700.0
2018-05-09,18.84,18.96,18.43,18.77,18.77,11128804.0
2018-05-10,18.77,19.15,18.58,19.02,19.02,13760878.0
2018-05-11,19.06,19.07,18.56,18.56,18.56,7511904.0
2018-05-14,18.4,18.75,17.78,18.1,18.1,11482500.0
2018-05-15,18.25,18.28,18.06,18.25,18.25,6348002.0
2018-05-16,18.19,18.42,17.95,18.0,18.0,8226310.0
2018-05-17,18.0,18.15,17.72,17.72,17.72,7187536.0
2018-05-18,17.6,18.04,17.54,17.97,17.97,5800152.0
2018-05-21,18.0,18.27,17.86,18.2,18.2,7004792.0
2018-05-22,18.19,18.28,18.08,18.22,18.22,3883552.0
2018-05-23,18.24,18.28,18.01,18.02,18.02,4190114.0
2018-05-24,18.06,18.12,17.63,17.64,17.64,4337360.0
2018-05-25,17.61,18.0,17.01,17.86,17.86,7284553.0
2018-05-28,17.68,17.84,17.38,17.38,17.38,5962437.0
2018-05-29,17.39,17.74,17.24,17.38,17.38,4673074.0
2018-05-30,17.09,17.17,16.46,16.74,16.74,5013150.0
2018-05-31,16.74,17.14,16.48,16.7,16.7,12687618.0
2018-06-01,16.67,16.68,15.5,16.34,16.34,13571554.0
2018-06-04,16.01,16.47,15.98,16.24,16.24,5249543.0
2018-06-05,16.24,16.94,16.2,16.64,16.64,16208636.0
2018-06-06,16.42,16.48,16.23,16.3,16.3,7395738.0
2018-06-07,16.32,16.37,16.05,16.12,16.12,3982146.0
2018-06-08,16.05,16.16,15.74,16.11,16.11,6452749.0
2018-06-11,16.08,16.37,15.91,16.2,16.2,4325468.0
2018-06-12,16.2,16.6,16.06,16.46,16.46,7541004.0
2018-06-13,16.4,16.44,15.91,16.15,16.15,6190246.0
2018-06-14,16.06,16.18,15.82,16.0,16.0,2445850.0
2018-06-15,15.88,16.44,15.52,16.17,16.17,5916120.0
2018-06-19,15.9,16.15,14.84,15.0,15.0,5138076.0
2018-06-20,15.0,15.97,14.84,15.61,15.61,6495544.0
2018-06-21,15.45,15.58,14.92,15.25,15.25,4501004.0
2018-06-22,15.1,15.86,14.95,15.73,15.73,11832354.0
2018-06-25,15.69,15.71,15.21,15.35,15.35,4905500.0
2018-06-26,15.08,16.68,14.92,16.2,16.2,17706554.0
2018-06-27,16.09,16.48,15.86,16.28,16.28,10623100.0
2018-06-28,16.13,17.8,16.0,17.15,17.15,23681336.0
2018-06-29,16.93,17.95,16.72,17.79,17.79,22562656.0
2018-07-02,17.56,17.66,16.9,17.2,17.2,14978816.0
2018-07-03,17.0,17.68,16.77,17.39,17.39,15580158.0
2018-07-04,17.26,17.78,16.8,17.08,17.08,18787142.0
2018-07-05,16.89,17.29,16.51,16.86,16.86,8487712.0
2018-07-06,16.77,17.45,16.74,16.96,16.96,14858886.0
2018-07-09,16.88,17.24,16.76,16.98,16.98,14154490.0
2018-07-10,16.98,17.07,16.7,16.96,16.96,9186897.0
2018-07-11,16.64,16.64,15.77,16.4,16.4,10403100.0
2018-07-12,16.18,17.49,16.18,17.12,17.12,29803054.0
2018-07-13,17.0,18.3,16.77,18.1,18.1,36167493.0
2018-07-16,17.9,18.88,17.73,18.75,18.75,39285882.0
2018-07-17,18.49,19.2,18.04,18.85,18.85,26269791.0
2018-07-18,18.62,20.33,18.52,19.3,19.3,46414362.0
2018-07-19,19.1,19.67,18.09,19.1,19.1,30899766.0
2018-07-20,18.7,20.19,18.35,19.1,19.1,50582246.0
2018-07-23,18.8,18.97,18.25,18.63,18.63,22570000.0
2018-07-24,18.52,18.65,18.16,18.35,18.35,22884176.0
2018-07-25,18.34,18.65,18.05,18.51,18.51,23753516.0
2018-07-26,18.35,18.77,18.2,18.46,18.46,20210316.0
2018-07-27,18.33,18.44,18.2,18.3,18.3,7754800.0
2018-07-30,18.3,18.5,18.02,18.14,18.14,7656500.0
2018-07-31,18.0,18.98,17.8,18.64,18.64,25442096.0
2018-08-01,18.47,18.89,18.29,18.45,18.45,20490576.0
2018-08-02,18.37,18.39,17.43,18.01,18.01,15143100.0
2018-08-03,17.95,18.28,17.59,17.88,17.88,14067600.0
2018-08-06,17.55,17.74,16.33,16.95,16.95,12434180.0
2018-08-07,16.9,17.64,16.58,17.44,17.44,17648344.0
2018-08-08,17.43,17.43,16.38,16.38,16.38,7491200.0
2018-08-09,16.06,17.07,16.03,16.62,16.62,13390200.0
2018-08-10,16.54,16.84,16.46,16.54,16.54,5797798.0
2018-08-13,16.27,16.74,16.06,16.63,16.63,6994314.0
2018-08-14,16.55,16.75,16.3,16.32,16.32,5704000.0
2018-08-15,16.4,16.48,16.07,16.07,16.07,4687498.0
2018-08-16,15.8,15.88,15.08,15.1,15.1,8609800.0
2018-08-17,15.22,15.59,15.22,15.4,15.4,8929100.0
2018-08-20,15.31,15.64,15.02,15.55,15.55,10644000.0
2018-08-21,15.55,16.04,15.46,15.84,15.84,12700916.0
2018-08-22,15.7,16.26,15.62,15.92,15.92,15516430.0
2018-08-23,15.93,16.75,15.85,16.42,16.42,20747502.0
2018-08-24,16.33,17.09,16.21,16.73,16.73,28872156.0
2018-08-27,16.61,17.98,16.61,17.79,17.79,38667171.0
2018-08-28,17.62,18.24,17.31,17.6,17.6,31629300.0
2018-08-29,17.55,17.73,17.24,17.59,17.59,11893604.0
2018-08-30,17.46,18.28,17.46,17.85,17.85,32868959.0
2018-08-31,17.75,18.17,17.32,17.99,17.99,23655445.0
2018-09-03,17.82,17.82,16.78,17.2,17.2,22974194.0
2018-09-04,17.09,17.21,16.61,16.88,16.88,14979600.0
2018-09-05,16.84,17.55,16.69,17.17,17.17,23530183.0
2018-09-06,17.04,17.25,16.72,16.9,16.9,10093116.0
2018-09-07,16.95,17.77,16.64,17.64,17.64,31222917.0
2018-09-10,17.43,17.48,17.15,17.27,17.27,12082788.0
2018-09-11,17.2,17.7,17.04,17.13,17.13,26064142.0
2018-09-12,17.06,17.33,16.23,16.45,16.45,17127776.0
2018-09-13,16.42,16.84,15.7,16.06,16.06,15921132.0
2018-09-14,16.06,16.45,15.9,16.07,16.07,9673810.0
2018-09-17,15.85,16.06,15.52,15.64,15.64,7549822.0
2018-09-18,15.52,16.19,15.52,16.02,16.02,21817090.0
2018-09-19,15.92,16.77,15.88,16.46,16.46,38376179.0
2018-09-20,16.4,16.4,15.93,16.1,16.1,19370456.0
2018-09-21,16.02,16.27,15.63,16.1,16.1,32413400.0
2018-09-25,15.88,15.95,15.63,15.75,15.75,14741736.0
2018-09-26,15.67,15.94,15.56,15.72,15.72,17303328.0
2018-09-27,15.66,15.76,15.31,15.34,15.34,12276310.0
2018-09-28,15.39,16.15,15.39,16.06,16.06,36726732.0
2018-10-08,15.75,16.46,15.65,16.06,16.06,28858053.0
2018-10-09,16.09,16.18,15.5,15.87,15.87,20074852.0
2018-10-10,15.78,15.95,15.7,15.81,15.81,16620064.0
2018-10-11,15.13,15.45,14.23,14.24,14.24,21295121.0
2018-10-12,14.15,15.6,13.02,14.92,14.92,30499732.0
2018-10-15,14.72,15.09,14.22,14.32,14.32,18735626.0
2018-10-16,14.24,14.41,13.3,13.68,13.68,18223452.0
2018-10-17,13.9,14.11,13.41,13.81,13.81,14888911.0
2018-10-18,13.68,13.68,13.0,13.17,13.17,9722392.0
2018-10-19,12.81,14.35,12.6,13.9,13.9,33349677.0
2018-10-22,14.0,14.96,13.92,14.78,14.78,37357285.0
2018-10-23,14.61,14.95,14.32,14.46,14.46,23054061.0
2018-10-24,14.35,14.67,14.3,14.43,14.43,15751357.0
2018-10-25,13.8,14.37,13.66,14.14,14.14,17254369.0
2018-10-26,14.29,14.6,14.14,14.29,14.29,20340100.0
2018-10-29,14.22,14.36,13.4,13.65,13.65,15760808.0
2018-10-30,13.39,13.73,13.12,13.48,13.48,20147834.0
2018-10-31,13.5,13.7,13.38,13.47,13.47,17467800.0
2018-11-01,13.42,13.58,13.2,13.3,13.3,20832618.0
2018-11-02,13.36,13.78,13.33,13.75,13.75,22049752.0
2018-11-05,13.8,14.05,13.53,13.66,13.66,17729070.0
2018-11-06,13.67,13.67,13.31,13.51,13.51,12314645.0
2018-11-07,13.47,13.76,13.38,13.38,13.38,11999102.0
2018-11-08,13.5,13.55,13.13,13.14,13.14,9769100.0
2018-11-09,13.06,13.21,13.02,13.04,13.04,7306480.0
2018-11-12,12.83,13.31,12.81,13.3,13.3,10300328.0
2018-11-13,13.03,13.64,13.01,13.62,13.62,18492533.0
2018-11-14,13.58,13.96,13.5,13.7,13.7,21755857.0
2018-11-15,13.7,14.49,13.62,14.37,14.37,38406080.0
2018-11-16,14.3,15.15,14.17,14.95,14.95,49549726.0
2018-11-19,14.75,15.2,14.66,14.75,14.75,28332674.0
2018-11-20,14.58,14.69,14.14,14.34,14.34,15084636.0
2018-11-21,14.21,14.88,14.04,14.5,14.5,36331802.0
2018-11-22,14.43,14.53,14.22,14.44,14.44,10381145.0
2018-11-23,14.34,14.41,13.52,13.92,13.92,13602859.0
2018-11-26,13.84,14.5,13.64,14.36,14.36,25398503.0
2018-11-27,14.32,14.45,13.7,14.03,14.03,24392936.0
2018-11-28,13.93,13.93,13.13,13.39,13.39,20823663.0
2018-11-29,13.45,13.52,12.98,12.98,12.98,11467745.0
2018-11-30,12.8,13.05,12.62,12.92,12.92,10869808.0
2018-12-03,13.22,13.45,13.12,13.24,13.24,13585102.0
2018-12-04,13.23,13.29,12.96,13.12,13.12,11492946.0
2018-12-05,12.78,13.03,12.7,12.91,12.91,9474023.0
2018-12-06,12.78,13.12,12.75,13.02,13.02,11010831.0
2018-12-07,13.01,13.46,13.0,13.4,13.4,16866014.0
2018-12-10,13.31,13.49,13.31,13.33,13.33,11551461.0
2018-12-11,13.35,13.43,12.95,13.08,13.08,12002660.0
2018-12-12,13.11,13.17,12.9,12.98,12.98,7256700.0
2018-12-13,12.99,13.1,12.85,13.02,13.02,9510492.0
2018-12-14,13.02,13.02,12.63,12.63,12.63,8648263.0
2018-12-17,12.54,12.54,12.18,12.23,12.23,8992692.0
2018-12-18,12.18,12.34,12.1,12.27,12.27,5743994.0
2018-12-19,12.24,12.39,12.1,12.1,12.1,4815316.0
2018-12-20,12.1,12.2,12.04,12.18,12.18,4240594.0
2018-12-21,12.15,12.2,12.03,12.2,12.2,4626892.0
2018-12-24,12.15,12.34,12.13,12.29,12.29,4778800.0
2018-12-25,12.1,12.17,11.83,12.15,12.15,7322088.0
2018-12-26,12.19,12.25,11.96,11.99,11.99,4829874.0
2018-12-27,12.13,12.18,11.72,11.74,11.74,5240684.0
2018-12-28,11.79,11.83,11.26,11.29,11.29,7418658.0
2019-01-02,11.26,11.85,11.26,11.84,11.84,11891280.0
2019-01-03,11.8,12.1,11.63,11.66,11.66,7833100.0
2019-01-04,11.45,11.99,11.43,11.94,11.94,7726032.0
2019-01-07,12.14,12.16,12.0,12.06,12.06,6583972.0
2019-01-08,12.05,12.09,11.86,11.94,11.94,4540354.0
2019-01-09,11.89,12.14,11.89,11.99,11.99,8033406.0
2019-01-10,11.92,12.06,11.85,11.89,11.89,5363218.0
2019-01-11,11.91,12.06,11.89,12.03,12.03,5181131.0
2019-01-14,12.11,12.11,11.89,11.95,11.95,4285931.0
2019-01-15,11.88,12.08,11.88,12.07,12.07,4665136.0
2019-01-16,12.08,12.22,12.01,12.04,12.04,4848863.0
2019-01-17,12.03,12.03,11.84,11.88,11.88,4993745.0
2019-01-18,11.87,12.02,11.85,11.97,11.97,4053962.0
2019-01-21,11.96,12.25,11.92,12.2,12.2,5990807.0
2019-01-22,12.2,12.23,11.93,11.99,11.99,4158000.0
2019-01-23,11.92,12.03,11.89,12.01,12.01,2941888.0
2019-01-24,11.98,12.33,11.92,12.14,12.14,6021104.0
2019-01-25,12.14,12.28,12.1,12.13,12.13,4506866.0
2019-01-28,12.15,12.3,12.12,12.14,12.14,4434716.0
2019-01-29,12.05,12.15,11.31,11.59,11.59,6922900.0
2019-01-30,11.6,11.83,11.47,11.48,11.48,3413416.0
2019-01-31,11.6,11.68,11.36,11.41,11.41,4137200.0
2019-02-01,11.41,11.69,11.41,11.64,11.64,3585681.0
2019-02-11,11.7,12.1,11.66,12.07,12.07,5625195.0
2019-02-12,12.3,12.3,12.06,12.19,12.19,5577197.0
2019-02-13,12.28,12.63,12.17,12.58,12.58,11761376.0
2019-02-14,12.52,13.07,12.47,12.67,12.67,11071969.0
2019-02-15,12.63,12.8,12.47,12.48,12.48,7300600.0
2019-02-18,12.6,13.06,12.56,13.06,13.06,10637559.0
2019-02-19,13.07,13.82,13.01,13.47,13.47,19046731.0
2019-02-20,13.38,13.57,13.15,13.4,13.4,9841590.0
2019-02-21,13.34,13.79,13.3,13.44,13.44,12154407.0
2019-02-22,13.33,13.8,13.33,13.66,13.66,8269816.0
2019-02-25,13.79,14.69,13.7,14.65,14.65,17444231.0
2019-02-26,14.55,16.07,14.5,15.61,15.61,29208686.0
2019-02-27,15.19,16.27,15.06,15.66,15.66,26637823.0
2019-02-28,15.45,15.63,14.48,14.48,14.48,25145360.0
2019-03-01,14.61,15.13,14.31,14.84,14.84,22101538.0
2019-03-04,14.84,15.8,14.72,15.44,15.44,39814989.0
2019-03-05,15.22,15.89,15.13,15.5,15.5,26292799.0
2019-03-06,15.43,15.8,14.98,15.4,15.4,27092605.0
2019-03-07,15.39,15.39,14.82,14.91,14.91,24314029.0
2019-03-08,14.58,15.29,14.31,14.52,14.52,22878496.0
2019-03-11,14.36,15.02,14.36,14.93,14.93,17659949.0
2019-03-12,15.01,15.18,14.67,14.89,14.89,18464645.0
2019-03-13,14.85,14.85,14.4,14.41,14.41,15750334.0
2019-03-14,14.3,14.47,13.73,13.96,13.96,12460874.0
2019-03-15,13.99,14.24,13.95,14.1,14.1,9097145.0
2019-03-18,14.1,15.18,14.08,15.0,15.0,21575569.0
2019-03-19,14.88,15.48,14.88,15.26,15.26,22203108.0
2019-03-20,15.21,15.43,14.93,15.27,15.27,11318677.0
2019-03-21,15.26,15.99,15.23,15.9,15.9,32527096.0
2019-03-22,15.94,16.12,15.6,15.96,15.96,29704083.0
2019-03-25,15.61,15.84,15.3,15.39,15.39,15085121.0
2019-03-26,15.51,15.74,15.02,15.26,15.26,13322704.0
2019-03-27,15.32,15.48,14.98,15.39,15.39,12507150.0
2019-03-28,15.32,15.41,14.74,14.74,14.74,9634927.0
2019-03-29,14.69,15.7,14.45,15.53,15.53,22161006.0
2019-04-01,15.5,16.45,15.5,16.2,16.2,30491761.0
2019-04-02,16.12,16.88,16.0,16.18,16.18,37398375.0
2019-04-03,16.06,16.09,15.66,15.78,15.78,18734264.0
2019-04-04,15.85,15.97,15.4,15.59,15.59,19892225.0
2019-04-08,15.7,15.73,15.09,15.21,15.21,14582596.0
2019-04-09,15.24,15.5,15.16,15.45,15.45,9041519.0
2019-04-10,15.41,15.54,14.99,15.45,15.45,10578373.0
2019-04-11,15.45,15.49,14.92,14.92,14.92,9348650.0
2019-04-12,14.95,15.03,14.52,14.88,14.88,8912094.0
2019-04-15,15.0,15.23,14.78,14.84,14.84,7723300.0
2019-04-16,14.75,15.14,14.65,15.13,15.13,10510071.0
2019-04-17,15.14,15.24,15.0,15.06,15.06,10162102.0
2019-04-18,15.1,15.1,14.86,14.86,14.86,8004620.0
2019-04-19,14.86,14.97,14.72,14.89,14.89,8238500.0
2019-04-22,14.83,14.93,14.28,14.29,14.29,11988351.0
2019-04-23,14.35,14.35,13.7,13.74,13.74,15042910.0
2019-04-24,13.77,14.42,13.63,14.4,14.4,14269322.0
2019-04-25,14.27,14.36,13.69,13.69,13.69,10079600.0
2019-04-26,13.45,13.89,13.32,13.34,13.34,8318857.0
2019-04-29,13.44,13.55,12.94,13.04,13.04,7712214.0
2019-04-30,12.97,13.36,12.91,13.2,13.2,8800601.0
2019-05-06,12.63,12.9,11.88,11.88,11.88,9992328.0
2019-05-07,11.63,12.95,11.63,12.41,12.41,18741744.0
2019-05-08,12.16,12.8,11.99,12.31,12.31,11618884.0
2019-05-09,12.18,12.5,12.15,12.35,12.35,6826027.0
2019-05-10,12.53,12.68,12.04,12.57,12.57,18428244.0
2019-05-13,12.42,12.47,12.14,12.22,12.22,7769000.0
2019-05-14,11.98,12.18,11.9,11.92,11.92,7711514.0
2019-05-15,12.05,12.18,12.02,12.13,12.13,8032853.0
2019-05-16,12.18,12.2,12.03,12.14,12.14,7194249.0
2019-05-17,12.23,12.36,11.66,11.7,11.7,10822213.0
2019-05-20,11.71,12.05,11.52,12.0,12.0,11062823.0
2019-05-21,12.05,12.33,11.85,12.28,12.28,16753267.0
2019-05-22,12.27,12.29,11.84,12.01,12.01,12168162.0
2019-05-23,12.0,12.09,11.78,11.88,11.88,7165083.0
2019-05-24,11.66,11.88,11.6,11.67,11.67,6739434.0
2019-05-27,11.74,12.15,11.62,12.14,12.14,9453556.0
2019-05-28,12.14,12.2,11.88,11.97,11.97,7917170.0
2019-05-29,11.92,12.14,11.83,11.98,11.98,9408102.0
2019-05-30,11.88,11.9,11.62,11.78,11.78,7776258.0
2019-05-31,11.8,11.95,11.66,11.73,11.73,7162768.0
2019-06-03,11.81,11.81,11.5,11.61,11.61,6363102.0
2019-06-04,11.61,11.69,11.38,11.41,11.41,6474105.0
2019-06-05,11.5,11.77,11.41,11.56,11.56,7989525.0
2019-06-06,11.58,11.62,11.21,11.23,11.23,7361380.0
2019-06-10,11.23,11.39,11.21,11.3,11.3,4882134.0
2019-06-11,11.3,11.69,11.15,11.63,11.63,9350606.0
2019-06-12,11.56,11.76,11.53,11.61,11.61,6892100.0
2019-06-13,11.62,11.98,11.57,11.85,11.85,9887902.0
2019-06-14,11.82,11.97,11.53,11.54,11.54,7703495.0
2019-06-17,11.56,11.63,11.33,11.39,11.39,5487567.0
2019-06-18,11.36,11.45,11.18,11.33,11.33,5293523.0
2019-06-19,11.55,11.66,11.4,11.41,11.41,6850472.0
2019-06-20,11.35,11.63,11.35,11.6,11.6,6550025.0
2019-06-21,11.63,11.89,11.63,11.79,11.79,9451343.0
2019-06-24,11.8,12.03,11.72,11.79,11.79,8437505.0
2019-06-25,11.79,11.87,11.58,11.76,11.76,5833600.0
2019-06-26,11.69,11.85,11.62,11.81,11.81,5089500.0
2019-06-27,11.81,11.99,11.77,11.83,11.83,5764419.0
2019-06-28,11.78,11.81,11.61,11.72,11.72,3931452.0
2019-07-01,11.99,12.17,11.87,12.09,12.09,10892706.0
2019-07-02,12.13,12.23,12.01,12.15,12.15,8009311.0
2019-07-03,12.15,12.18,12.01,12.08,12.08,4513668.0
2019-07-04,12.05,12.14,11.88,11.92,11.92,4130513.0
2019-07-05,11.94,12.19,11.9,12.16,12.16,6795252.0
2019-07-08,12.13,12.15,11.62,11.68,11.68,7434623.0
2019-07-09,11.74,11.75,11.52,11.62,11.62,3573630.0
2019-07-10,11.64,11.67,11.52,11.58,11.58,2384300.0
2019-07-11,11.6,11.75,11.36,11.49,11.49,4384577.0
2019-07-12,11.59,11.59,11.37,11.5,11.5,2935417.0
2019-07-15,11.5,11.75,11.34,11.6,11.6,4141900.0
2019-07-16,11.58,11.84,11.55,11.71,11.71,3657075.0
2019-07-17,11.71,12.12,11.7,12.06,12.06,10779267.0
2019-07-18,12.0,12.1,11.86,11.9,11.9,8519600.0
2019-07-19,11.86,11.99,11.69,11.8,11.8,7283800.0
2019-07-22,11.7,11.79,11.43,11.58,11.58,5306403.0
2019-07-23,11.66,11.93,11.56,11.92,11.92,4785903.0
2019-07-24,11.94,12.07,11.86,11.94,11.94,6650343.0
2019-07-25,11.94,12.07,11.9,11.99,11.99,7698064.0
2019-07-26,11.9,12.02,11.83,11.99,11.99,5281648.0
2019-07-29,12.0,12.0,11.11,11.55,11.55,15186010.0
2019-07-30,11.45,11.61,11.35,11.47,11.47,5607713.0
2019-07-31,11.52,11.53,11.36,11.52,11.52,4229648.0
2019-08-01,11.47,11.55,11.07,11.13,11.13,11403201.0
2019-08-02,10.75,10.86,10.53,10.77,10.77,8227852.0
2019-08-05,10.65,10.79,10.57,10.66,10.66,5221113.0
2019-08-06,10.5,10.5,9.85,9.96,9.96,10370426.0
2019-08-07,10.06,10.11,9.93,9.97,9.97,4565607.0
2019-08-08,10.0,10.08,9.93,9.95,9.95,3860386.0
2019-08-09,10.02,10.04,9.69,9.69,9.69,5369101.0
2019-08-12,9.78,10.36,9.74,10.33,10.33,9631628.0
2019-08-13,10.29,10.39,10.09,10.31,10.31,6480200.0
2019-08-14,10.49,10.67,10.16,10.3,10.3,7844645.0
2019-08-15,10.0,10.27,9.91,10.26,10.26,7698527.0
2019-08-16,10.23,10.34,10.17,10.26,10.26,5847327.0
2019-08-19,10.35,10.65,10.17,10.64,10.64,11980431.0
2019-08-20,10.5,10.88,10.5,10.66,10.66,10942800.0
2019-08-21,10.57,10.79,10.54,10.74,10.74,6527938.0
2019-08-22,10.73,10.79,10.54,10.6,10.6,7163033.0
2019-08-23,10.66,10.7,10.41,10.48,10.48,6362657.0
2019-08-26,10.19,10.37,10.1,10.15,10.15,7763466.0
2019-08-27,10.24,10.5,10.2,10.4,10.4,7470206.0
2019-08-28,10.38,10.47,10.22,10.26,10.26,8797114.0
2019-08-29,10.3,10.32,10.12,10.14,10.14,7000210.0
2019-08-30,10.22,10.35,9.93,10.03,10.03,9072453.0
2019-09-02,9.99,10.31,9.97,10.3,10.3,9082280.0
2019-09-03,10.3,10.76,10.3,10.58,10.58,13399192.0
2019-09-04,10.56,10.65,10.44,10.56,10.56,9740924.0
2019-09-05,10.63,10.97,10.57,10.73,10.73,19297500.0
2019-09-06,10.75,11.49,10.71,10.89,10.89,17778552.0
2019-09-09,10.96,11.33,10.85,11.3,11.3,20791866.0
2019-09-10,11.3,11.41,11.12,11.23,11.23,13245126.0
2019-09-11,11.25,11.29,11.04,11.09,11.09,12101004.0
2019-09-12,11.09,11.16,11.03,11.16,11.16,6871667.0
2019-09-16,11.2,11.25,11.13,11.2,11.2,8912334.0
2019-09-17,11.13,11.13,10.69,10.82,10.82,9986160.0
2019-09-18,10.88,10.91,10.69,10.82,10.82,7786211.0
2019-09-19,10.78,10.94,10.74,10.91,10.91,8702018.0
2019-09-20,10.89,11.08,10.83,11.01,11.01,11457781.0
2019-09-23,10.97,10.97,10.67,10.86,10.86,9769850.0
2019-09-24,10.91,11.88,10.83,11.76,11.76,44941177.0
2019-09-25,11.52,11.58,11.14,11.14,11.14,23346503.0
2019-09-26,11.12,11.75,11.09,11.39,11.39,32124482.0
2019-09-27,11.4,11.85,11.32,11.77,11.77,36393031.0
2019-09-30,11.6,11.99,11.37,11.41,11.41,25905107.0
2019-10-08,11.3,11.51,10.71,10.82,10.82,20661480.0
2019-10-09,10.69,10.72,10.28,10.49,10.49,19079921.0
2019-10-10,10.48,10.61,10.43,10.52,10.52,10174847.0
2019-10-11,10.53,10.54,10.16,10.29,10.29,14838593.0
2019-10-14,10.4,10.62,10.35,10.53,10.53,11372149.0
2019-10-15,10.46,10.65,10.3,10.57,10.57,10190337.0
2019-10-16,10.51,10.67,10.39,10.41,10.41,8139916.0
2019-10-17,10.39,10.45,10.24,10.26,10.26,7395766.0
2019-10-18,10.31,10.35,10.01,10.1,10.1,9798367.0
2019-10-21,10.06,10.2,9.94,10.2,10.2,5359573.0
2019-10-22,10.2,10.29,10.16,10.25,10.25,4626215.0
2019-10-23,10.26,10.26,10.08,10.14,10.14,4272953.0
2019-10-24,10.14,10.17,10.04,10.1,10.1,3803350.0
2019-10-25,10.16,10.28,10.06,10.25,10.25,4783725.0
2019-10-28,10.28,10.51,10.25,10.47,10.47,7891503.0
2019-10-29,10.45,10.54,10.32,10.33,10.33,5474657.0
2019-10-30,10.44,10.99,10.43,10.8,10.8,21171191.0
2019-10-31,10.83,11.06,10.73,10.85,10.85,15710887.0
2019-11-01,10.85,11.27,10.81,11.15,11.15,19019930.0
2019-11-04,11.13,11.35,11.05,11.1,11.1,13862576.0
2019-11-05,11.2,11.28,10.95,11.12,11.12,11750312.0
2019-11-06,11.16,11.34,11.04,11.14,11.14,13210764.0
2019-11-07,11.2,11.59,11.13,11.53,11.53,18334817.0
2019-11-08,11.58,11.87,11.48,11.64,11.64,21670580.0
2019-11-11,11.45,11.92,11.43,11.66,11.66,18601383.0
2019-11-12,11.66,11.84,11.33,11.68,11.68,15591911.0
2019-11-13,11.68,11.87,11.56,11.68,11.68,15650908.0
2019-11-14,11.65,12.06,11.61,11.82,11.82,18776817.0
2019-11-15,11.74,11.95,11.69,11.83,11.83,13746320.0
2019-11-18,11.68,11.99,11.33,11.58,11.58,18628161.0
2019-11-19,11.75,12.13,11.62,12.02,12.02,28029626.0
2019-11-20,12.02,12.27,11.65,11.91,11.91,28482073.0
2019-11-21,11.86,12.02,11.58,11.75,11.75,15883295.0
2019-11-22,11.83,12.04,11.67,11.84,11.84,16206328.0
2019-11-25,11.72,11.75,11.21,11.3,11.3,20404843.0
2019-11-26,11.4,12.02,11.22,11.8,11.8,27096421.0
2019-11-27,11.74,12.76,11.71,12.56,12.56,36952286.0
2019-11-28,12.56,12.75,12.37,12.6,12.6,24983745.0
2019-11-29,12.77,12.86,12.23,12.36,12.36,21877802.0
2019-12-02,12.47,12.64,12.12,12.21,12.21,29008348.0
2019-12-03,12.14,12.47,12.08,12.35,12.35,19692701.0
2019-12-04,12.3,12.54,12.17,12.41,12.41,16897775.0
2019-12-05,12.5,12.84,12.46,12.66,12.66,26906175.0
2019-12-06,12.67,13.11,12.61,13.08,13.08,28464886.0
2019-12-09,13.03,13.25,12.82,12.86,12.86,22918625.0
2019-12-10,12.86,13.2,12.75,13.11,13.11,21633347.0
2019-12-11,13.05,13.23,12.78,12.93,12.93,18206938.0
2019-12-12,12.95,13.13,12.71,12.8,12.8,24316461.0
2019-12-13,12.92,13.05,12.77,12.96,12.96,29584774.0
2019-12-16,12.84,13.45,12.6,13.32,13.32,35065126.0
2019-12-17,13.25,13.53,13.12,13.42,13.42,28753000.0
2019-12-18,13.38,14.42,13.33,14.05,14.05,38468212.0
2019-12-19,14.09,14.24,13.93,13.98,13.98,21551817.0
2019-12-20,13.91,14.05,13.66,13.73,13.73,18715441.0
2019-12-23,13.59,13.97,13.25,13.68,13.68,12819129.0
2019-12-24,13.68,14.37,13.58,14.17,14.17,20924189.0
2019-12-25,14.01,14.33,13.94,14.11,14.11,19336168.0
2019-12-26,14.05,14.23,13.81,14.15,14.15,20807181.0
2019-12-27,14.1,14.44,13.81,13.85,13.85,24836723.0
2019-12-30,14.27,14.27,13.44,13.86,13.86,13471876.0
2019-12-31,15.1,15.1,13.56,13.61,13.61,19965825.0
2020-01-02,13.62,13.98,13.48,13.89,13.89,14370228.0
2020-01-03,13.89,14.05,13.7,13.78,13.78,11647061.0
2020-01-06,13.71,14.12,13.57,13.89,13.89,13507766.0
2020-01-07,14.02,14.2,13.81,13.92,13.92,13186493.0
2020-01-08,13.89,13.89,13.48,13.51,13.51,14060342.0
2020-01-09,13.7,13.83,13.58,13.74,13.74,14585440.0
2020-01-10,13.75,13.92,13.58,13.68,13.68,14686006.0
2020-01-13,13.61,13.83,13.6,13.8,13.8,12808647.0
2020-01-14,13.82,14.28,13.82,14.1,14.1,22457754.0
2020-01-15,14.05,14.15,13.77,14.01,14.01,10538512.0
2020-01-16,14.01,14.23,13.94,14.11,14.11,13194054.0
2020-01-17,14.11,14.19,13.87,13.88,13.88,8522010.0
2020-01-20,13.88,14.24,13.78,14.19,14.19,13590357.0
2020-01-21,14.19,14.33,14.01,14.13,14.13,16298380.0
2020-01-22,14.0,14.55,13.9,14.51,14.51,15848248.0
2020-01-23,14.37,14.48,13.55,13.92,13.92,18144014.0
2020-02-03,12.53,12.53,12.53,12.53,12.53,2762400.0
2020-02-04,11.34,12.21,11.34,11.94,11.94,20684662.0
2020-02-05,11.97,12.36,11.88,11.93,11.93,17788978.0
2020-02-06,11.94,12.17,11.77,12.09,12.09,16403900.0
2020-02-07,12.04,12.58,11.88,12.58,12.58,15002885.0
2020-02-10,12.4,12.71,12.33,12.64,12.64,12504931.0
2020-02-11,12.56,12.72,12.4,12.49,12.49,11442135.0
2020-02-12,12.5,13.46,12.49,13.37,13.37,27721455.0
2020-02-13,13.42,13.92,13.35,13.61,13.61,22107799.0
2020-02-14,13.61,14.01,13.56,13.83,13.83,16854621.0
2020-02-17,13.81,13.99,13.66,13.97,13.97,17433505.0
2020-02-18,13.97,14.13,13.75,14.1,14.1,20183495.0
2020-02-19,14.1,14.28,13.93,14.03,14.03,19808517.0
2020-02-20,14.02,14.24,13.72,14.16,14.16,21381477.0
2020-02-21,14.14,14.46,13.98,14.35,14.35,23583178.0
2020-02-24,14.38,14.85,14.18,14.71,14.71,21876670.0
2020-02-25,14.34,14.95,13.88,14.83,14.83,28687216.0
2020-02-26,14.57,14.57,13.76,13.88,13.88,27799687.0
2020-02-27,14.01,14.13,13.6,13.67,13.67,16448960.0
2020-02-28,13.16,13.37,12.3,12.34,12.34,25100459.0
2020-03-02,12.47,13.08,12.47,12.92,12.92,16628382.0
2020-03-03,13.13,13.43,12.84,12.96,12.96,16734512.0
2020-03-04,12.8,13.07,12.63,12.91,12.91,11847344.0
2020-03-05,13.06,13.14,12.78,13.1,13.1,14716134.0
2020-03-06,12.93,12.95,12.75,12.75,12.75,13694097.0
2020-03-09,12.52,12.53,11.91,12.0,12.0,20087449.0
2020-03-10,11.79,12.46,11.78,12.4,12.4,18655453.0
2020-03-11,12.49,12.65,12.15,12.19,12.19,11869566.0
2020-03-12,12.02,12.16,11.78,11.86,11.86,13846084.0
2020-03-13,11.22,11.92,11.12,11.79,11.79,14777560.0
2020-03-16,11.9,11.96,11.04,11.2,11.2,15013418.0
2020-03-17,11.29,11.44,10.9,11.26,11.26,12385373.0
2020-03-18,11.38,11.55,10.98,11.01,11.01,13413647.0
2020-03-19,11.01,11.28,10.85,11.21,11.21,11604113.0
2020-03-20,11.33,11.41,11.05,11.26,11.26,7984389.0
2020-03-23,11.0,11.0,10.47,10.5,10.5,11101459.0
2020-03-24,10.68,10.82,10.44,10.66,10.66,12015856.0
2020-03-25,10.93,11.73,10.93,11.73,11.73,34191613.0
2020-03-26,11.65,12.24,11.43,11.98,11.98,32041955.0
2020-03-27,12.1,12.25,11.84,12.08,12.08,18858956.0
2020-03-30,11.95,11.96,11.44,11.69,11.69,19924718.0
2020-03-31,11.86,11.97,11.25,11.34,11.34,16407764.0
2020-04-01,11.3,11.66,11.26,11.6,11.6,14628889.0
2020-04-02,11.44,11.93,11.37,11.86,11.86,16529846.0
2020-04-03,11.81,12.49,11.78,12.3,12.3,26739636.0
2020-04-07,12.6,12.65,12.2,12.37,12.37,23790142.0
2020-04-08,12.29,12.94,12.13,12.9,12.9,30669371.0
2020-04-09,12.83,12.83,12.47,12.52,12.52,23050249.0
2020-04-10,12.75,12.88,12.25,12.27,12.27,24365217.0
2020-04-13,12.12,12.17,11.75,11.82,11.82,13591022.0
2020-04-14,11.94,12.12,11.7,12.07,12.07,11900243.0
2020-04-15,12.1,12.28,11.78,11.83,11.83,12088707.0
2020-04-16,11.83,11.83,11.46,11.6,11.6,12018059.0
2020-04-17,11.63,11.93,11.55,11.59,11.59,11777456.0
2020-04-20,11.52,11.75,11.49,11.66,11.66,8405220.0
2020-04-21,11.62,11.62,11.17,11.39,11.39,11875554.0
2020-04-22,11.39,11.51,11.25,11.45,11.45,7282329.0
2020-04-23,11.51,11.54,11.18,11.24,11.24,7901365.0
2020-04-24,11.25,11.33,11.02,11.07,11.07,6685775.0
2020-04-27,10.97,11.24,10.96,11.09,11.09,5578478.0
2020-04-28,11.05,11.29,10.66,11.14,11.14,11069293.0
2020-04-29,11.02,11.27,11.0,11.23,11.23,6811687.0
2020-04-30,11.16,11.72,11.16,11.55,11.55,14026607.0
2020-05-06,11.55,11.64,11.36,11.58,11.58,13929867.0
2020-05-07,11.58,11.63,11.34,11.36,11.36,10719500.0
2020-05-08,11.42,11.56,11.36,11.47,11.47,12052614.0
2020-05-11,11.59,11.94,11.52,11.63,11.63,15537718.0
2020-05-12,11.52,11.62,11.24,11.45,11.45,11431013.0
2020-05-13,11.39,11.49,11.32,11.47,11.47,6089427.0
2020-05-14,11.4,11.64,11.36,11.52,11.52,8019235.0
2020-05-15,11.62,11.8,11.55,11.68,11.68,13204023.0
2020-05-18,11.74,11.74,11.25,11.34,11.34,11489711.0
2020-05-19,11.5,11.93,11.44,11.88,11.88,17704481.0
2020-05-20,11.92,13.0,11.8,12.76,12.76,35793527.0
2020-05-21,12.65,14.04,12.32,13.3,13.3,53511288.0
2020-05-22,13.05,13.48,12.69,12.77,12.77,30570527.0
2020-05-25,12.59,13.05,12.39,12.56,12.56,20866461.0
2020-05-26,12.69,13.48,12.61,13.33,13.33,25623286.0
2020-05-27,13.26,13.66,13.17,13.32,13.32,22882354.0
2020-05-28,13.3,14.09,13.1,13.8,13.8,37541297.0
2020-05-29,13.8,13.93,13.52,13.6,13.6,14325816.0
2020-06-01,12.99,13.26,12.58,13.07,13.07,38371164.0
2020-06-02,12.92,13.34,12.9,13.16,13.16,22254125.0
2020-06-03,13.16,13.45,12.95,13.2,13.2,21607137.0
2020-06-04,13.21,13.25,12.79,12.86,12.86,12812421.0
2020-06-05,12.96,13.22,12.75,12.82,12.82,10959873.0
2020-06-08,12.94,13.18,12.82,12.89,12.89,14753484.0
2020-06-09,12.9,13.25,12.64,13.05,13.05,12716635.0
2020-06-10,12.86,13.54,12.68,13.39,13.39,20921548.0
2020-06-11,13.32,13.47,12.9,12.99,12.99,19229412.0
2020-06-12,12.77,13.1,12.66,12.92,12.92,10933298.0
2020-06-15,13.01,13.54,12.83,13.2,13.2,19165183.0
2020-06-16,13.25,14.08,13.25,14.02,14.02,29782898.0
2020-06-17,14.1,14.87,13.9,14.63,14.63,38254932.0
2020-06-18,14.53,14.86,14.49,14.65,14.65,21891800.0
2020-06-19,14.79,15.45,14.63,15.13,15.13,28079054.0
2020-06-22,15.06,15.39,14.9,15.03,15.03,19857965.0
2020-06-23,15.27,16.21,15.18,16.07,16.07,36989755.0
2020-06-24,16.18,16.86,15.8,16.07,16.07,35574159.0
2020-06-29,15.93,16.19,15.57,15.7,15.7,23223904.0
2020-06-30,15.91,15.97,15.2,15.41,15.41,23936804.0
2020-07-01,15.5,15.67,14.87,15.49,15.49,19648335.0
2020-07-02,15.5,16.22,15.31,15.9,15.9,26482199.0
2020-07-03,15.87,16.2,15.54,15.9,15.9,25971485.0
2020-07-06,15.9,16.42,15.7,16.05,16.05,45482880.0
2020-07-07,16.1,16.43,15.95,16.05,16.05,36356345.0
2020-07-08,16.06,17.1,15.98,16.59,16.59,38294415.0
2020-07-09,16.5,17.04,16.21,16.8,16.8,36475450.0
2020-07-10,16.87,18.38,16.6,17.91,17.91,51681580.0
2020-07-13,19.39,19.39,16.12,17.65,17.65,95634894.0
2020-07-14,17.4,17.44,16.22,16.75,16.75,52914473.0
2020-07-15,16.72,16.73,15.5,15.5,15.5,40410374.0
2020-07-16,15.47,15.87,15.02,15.15,15.15,24562682.0
2020-07-17,15.27,15.91,15.11,15.42,15.42,21072798.0
2020-07-20,15.64,16.0,15.26,15.99,15.99,21656446.0
2020-07-21,16.01,16.11,15.67,15.76,15.76,15132782.0
2020-07-22,15.68,17.34,15.68,17.3,17.3,65020485.0
2020-07-23,17.1,17.64,16.78,17.13,17.13,37767244.0
2020-07-24,16.99,17.13,15.48,15.66,15.66,34954573.0
2020-07-27,15.69,16.35,15.12,16.07,16.07,25709085.0
2020-07-28,16.38,17.17,16.26,16.96,16.96,38603266.0
2020-07-29,17.11,17.58,17.0,17.39,17.39,46952905.0
2020-07-30,17.49,18.1,17.01,17.76,17.76,40716681.0
2020-07-31,17.67,18.12,17.4,17.75,17.75,36778652.0
2020-08-03,17.99,18.36,17.61,18.13,18.13,34669433.0
2020-08-04,18.13,18.19,17.43,17.71,17.71,27724380.0
2020-08-05,17.95,18.08,17.4,17.74,17.74,26135736.0
2020-08-06,17.6,17.67,16.78,16.93,16.93,42238993.0
2020-08-07,16.9,17.22,16.42,17.0,17.0,41485867.0
2020-08-10,16.94,17.38,16.28,17.36,17.36,38996772.0
2020-08-11,16.99,17.17,16.45,16.87,16.87,44107235.0
2020-08-12,16.7,17.9,16.51,17.7,17.7,52747912.0
2020-08-13,17.38,17.49,16.91,17.01,17.01,46699736.0
2020-08-14,16.98,17.06,16.59,16.95,16.95,25732361.0
2020-08-17,16.78,17.15,16.64,16.78,16.78,27883662.0
2020-08-18,16.79,16.82,16.06,16.47,16.47,32144229.0
2020-08-19,16.26,16.42,15.57,15.58,15.58,27539191.0
2020-08-20,15.48,15.62,15.17,15.49,15.49,17488178.0
2020-08-21,15.4,15.6,14.83,15.26,15.26,21382742.0
2020-08-24,15.49,15.88,15.11,15.63,15.63,31506017.0
2020-08-25,15.85,16.25,15.75,15.95,15.95,35313537.0
2020-08-26,15.86,16.09,15.62,15.81,15.81,20171363.0
2020-08-27,15.8,16.05,15.63,15.89,15.89,16992398.0
2020-08-28,15.9,15.95,15.68,15.84,15.84,13746985.0
2020-08-31,15.9,16.25,15.64,15.64,15.64,19480276.0
2020-09-01,15.69,15.69,15.03,15.15,15.15,21174207.0
2020-09-02,15.15,15.68,14.99,15.63,15.63,23805200.0
2020-09-03,15.54,15.8,15.36,15.44,15.44,12244439.0
2020-09-04,15.3,15.5,15.07,15.42,15.42,16852657.0
2020-09-07,15.43,16.59,15.4,16.11,16.11,49111160.0
2020-09-08,16.19,16.36,15.91,16.18,16.18,26418833.0
2020-09-09,16.1,16.16,15.24,15.26,15.26,26242735.0
2020-09-10,15.49,15.68,14.76,14.76,14.76,24353445.0
2020-09-11,14.82,16.16,14.82,16.01,16.01,37884489.0
2020-09-14,16.02,16.78,15.85,16.53,16.53,32924245.0
2020-09-15,16.54,16.68,16.38,16.6,16.6,19791796.0
2020-09-16,16.77,16.92,16.35,16.51,16.51,16514217.0
2020-09-17,16.51,16.74,16.27,16.56,16.56,13559575.0
2020-09-18,16.55,16.74,16.31,16.67,16.67,14009125.0
2020-09-21,16.69,16.78,16.21,16.29,16.29,12376745.0
2020-09-22,16.33,16.36,15.72,15.79,15.79,16210617.0
2020-09-23,15.88,16.0,15.5,15.6,15.6,9619471.0
2020-09-24,15.57,15.57,14.91,14.97,14.97,14001480.0
2020-09-25,15.0,15.14,14.57,14.72,14.72,12136698.0
2020-09-28,14.63,14.73,13.89,14.01,14.01,14500710.0
2020-09-29,14.14,14.29,13.55,13.62,13.62,23809509.0
2020-09-30,13.6,13.72,13.18,13.36,13.36,16912814.0
2020-10-09,13.59,13.84,13.42,13.5,13.5,16108142.0
2020-10-12,13.54,14.48,13.52,14.38,14.38,24876710.0
2020-10-13,14.37,14.41,14.05,14.24,14.24,10822176.0
2020-10-14,14.13,14.18,13.9,13.96,13.96,10775821.0
2020-10-15,13.96,14.05,13.65,13.66,13.66,10195960.0
2020-10-16,13.7,13.77,13.35,13.58,13.58,14038845.0
2020-10-19,13.59,13.76,13.42,13.45,13.45,11410979.0
2020-10-20,13.36,13.71,13.28,13.7,13.7,9746764.0
2020-10-21,13.6,13.66,13.12,13.24,13.24,14241149.0
2020-10-22,13.11,13.2,12.89,12.91,12.91,17077814.0
2020-10-23,12.98,13.12,12.79,12.79,12.79,9220746.0
2020-10-26,12.86,12.99,12.54,12.71,12.71,9601905.0
2020-10-27,12.7,12.87,12.65,12.8,12.8,7212427.0
2020-10-28,12.78,13.3,12.56,12.98,12.98,20356982.0
2020-10-29,12.94,13.29,12.68,13.2,13.2,15836284.0
2020-10-30,13.2,13.4,12.0,12.15,12.15,36411566.0
2020-11-02,12.38,13.12,12.37,12.84,12.84,28242968.0
2020-11-03,12.89,13.34,12.78,13.18,13.18,19052578.0
2020-11-04,13.18,13.29,13.02,13.2,13.2,14264403.0
2020-11-05,13.26,13.38,13.08,13.24,13.24,16307550.0
2020-11-06,13.24,13.57,13.16,13.44,13.44,18501517.0
2020-11-09,13.55,14.11,13.54,14.11,14.11,30124474.0
2020-11-10,14.01,14.33,13.83,14.3,14.3,24113500.0
2020-11-11,14.28,14.6,14.09,14.3,14.3,25568475.0
2020-11-12,14.29,14.35,14.02,14.22,14.22,17405097.0
2020-11-13,14.22,14.59,14.03,14.54,14.54,20801492.0
2020-11-16,14.5,15.12,14.45,15.11,15.11,27663747.0
2020-11-17,15.0,15.33,14.96,15.19,15.19,21350407.0
2020-11-18,14.91,15.55,14.89,15.49,15.49,21552261.0
2020-11-19,15.45,15.65,15.09,15.42,15.42,19992254.0
2020-11-20,15.5,15.5,15.15,15.43,15.43,17046229.0
2020-11-23,15.52,15.56,15.1,15.27,15.27,14142792.0
2020-11-24,15.41,15.8,15.26,15.36,15.36,16571609.0
2020-11-25,15.42,15.95,15.21,15.3,15.3,19077817.0
2020-11-26,15.3,15.55,15.1,15.38,15.38,14242807.0
2020-11-27,15.38,15.42,14.88,15.2,15.2,16295378.0
2020-11-30,15.31,15.39,14.79,14.82,14.82,13916413.0
2020-12-01,14.91,15.6,14.74,15.5,15.5,23710444.0
2020-12-02,15.63,15.75,15.35,15.6,15.6,20022346.0
2020-12-03,15.53,15.66,15.21,15.3,15.3,17097816.0
2020-12-04,15.25,15.29,14.89,15.05,15.05,12138119.0
2020-12-07,15.01,15.14,14.73,14.75,14.75,13085601.0
2020-12-08,14.85,14.91,14.63,14.77,14.77,10269989.0
2020-12-09,14.78,14.96,14.18,14.27,14.27,13006741.0
2020-12-10,14.19,14.51,14.11,14.4,14.4,9009078.0
2020-12-11,14.31,14.47,13.6,13.94,13.94,16563394.0
2020-12-14,13.94,14.12,13.72,14.0,14.0,7856786.0
2020-12-15,14.0,14.2,13.81,14.0,14.0,8940473.0
2020-12-16,14.05,14.05,13.6,13.69,13.69,7666719.0
2020-12-17,13.71,14.04,13.41,13.97,13.97,10077790.0
2020-12-18,13.95,14.09,13.7,13.72,13.72,8972809.0
2020-12-21,13.89,14.55,13.63,14.27,14.27,14022924.0
2020-12-22,14.27,14.56,14.15,14.16,14.16,14079778.0
2020-12-23,14.2,14.33,14.04,14.08,14.08,10148634.0
2020-12-24,14.07,14.32,13.63,13.82,13.82,11471685.0
2020-12-25,13.68,14.16,13.48,13.95,13.95,9261890.0
2020-12-28,13.86,13.99,13.27,13.35,13.35,14736345.0
2020-12-29,13.32,14.19,13.32,13.94,13.94,17482576.0
2020-12-30,13.87,14.65,13.85,14.36,14.36,16930090.0
2020-12-31,14.37,14.76,14.22,14.59,14.59,14005180.0
2021-01-04,14.59,15.41,14.44,15.23,15.23,24320495.0
2021-01-05,15.11,15.66,15.1,15.59,15.59,23078503.0
2021-01-06,15.56,15.56,15.14,15.25,15.25,17524891.0
2021-01-07,15.3,15.33,14.58,14.83,14.83,20873209.0
2021-01-08,14.85,15.23,14.72,14.96,14.96,15968080.0
2021-01-11,14.98,15.21,14.49,14.54,14.54,16254788.0
2021-01-12,14.54,15.42,14.54,15.28,15.28,28432768.0
2021-01-13,15.51,16.02,15.35,15.61,15.61,42988905.0
2021-01-14,15.61,15.95,15.25,15.47,15.47,39185151.0
2021-01-15,15.47,15.74,14.74,15.03,15.03,32595021.0
2021-01-18,15.09,15.81,15.07,15.3,15.3,32651968.0
2021-01-19,15.25,15.47,14.88,15.05,15.05,32596698.0
2021-01-20,15.1,15.83,14.95,15.64,15.64,45216935.0
2021-01-21,15.7,16.46,15.61,16.11,16.11,47377572.0
2021-01-22,16.11,16.33,15.76,16.15,16.15,33810743.0
2021-01-25,16.24,17.4,16.01,16.98,16.98,54852724.0
2021-01-26,17.0,17.45,16.7,17.26,17.26,50276761.0
2021-01-27,17.29,17.4,16.47,16.89,16.89,33276729.0
2021-01-28,16.58,17.4,16.2,17.0,17.0,49419889.0
2021-01-29,16.7,16.75,15.3,15.94,15.94,62918188.0
2021-02-01,15.89,16.25,15.37,15.9,15.9,30009760.0
2021-02-02,15.88,15.95,14.31,14.31,14.31,53430445.0
2021-02-03,14.0,14.15,12.88,12.9,12.9,67742337.0
2021-02-04,13.15,13.33,12.4,12.88,12.88,35909043.0
2021-02-05,12.87,13.12,12.46,12.47,12.47,25209786.0
2021-02-08,12.48,12.81,12.2,12.34,12.34,21807999.0
2021-02-09,12.26,12.58,12.1,12.35,12.35,22914548.0
2021-02-10,12.35,12.45,11.88,12.24,12.24,25424482.0
2021-02-18,12.57,13.31,12.57,12.98,12.98,39433960.0
2021-02-19,13.0,13.44,12.85,13.27,13.27,26858006.0
2021-02-22,13.4,13.67,13.22,13.4,13.4,31678810.0
2021-02-23,13.3,13.53,13.06,13.19,13.19,21674858.0
2021-02-24,13.19,13.55,13.12,13.29,13.29,19007087.0
2021-02-25,12.88,13.04,12.48,12.55,12.55,49166529.0
2021-02-26,12.35,12.85,12.26,12.59,12.59,26088732.0
2021-03-01,12.6,13.64,12.59,13.54,13.54,31236115.0
2021-03-02,13.58,13.99,13.47,13.89,13.89,38663691.0
2021-03-03,13.84,14.08,13.69,14.0,14.0,23736461.0
2021-03-04,13.81,13.98,13.5,13.66,13.66,17458183.0
2021-03-05,13.49,13.88,13.49,13.72,13.72,13484730.0
2021-03-08,13.91,14.05,13.42,13.48,13.48,14928827.0
2021-03-09,13.49,13.79,13.0,13.33,13.33,16271356.0
2021-03-10,13.45,13.58,12.9,13.13,13.13,13524856.0
2021-03-11,13.08,13.46,12.92,13.3,13.3,14913077.0
2021-03-12,13.33,13.38,12.75,12.99,12.99,18844652.0
2021-03-15,12.88,13.09,12.72,12.89,12.89,11785540.0
2021-03-16,12.89,13.06,12.82,12.96,12.96,9496698.0
2021-03-17,13.11,13.28,12.96,13.12,13.12,15130122.0
2021-03-18,13.09,13.54,13.07,13.32,13.32,19147384.0
2021-03-19,13.16,13.69,13.16,13.61,13.61,30962197.0
2021-03-22,13.62,14.03,13.55,13.96,13.96,25100243.0
2021-03-23,14.0,14.01,13.56,13.68,13.68,13634045.0
2021-03-24,13.61,13.67,13.1,13.15,13.15,16392468.0
2021-03-25,13.11,13.25,12.8,12.88,12.88,16393881.0
2021-03-26,12.85,13.84,12.74,13.67,13.67,24815991.0
2021-03-29,13.69,13.82,13.37,13.57,13.57,16584585.0
2021-03-30,13.59,13.6,13.3,13.42,13.42,10172175.0
2021-03-31,13.38,13.39,13.13,13.3,13.3,9951998.0
2021-04-01,13.29,13.47,13.2,13.39,13.39,10147612.0
2021-04-02,13.4,13.61,13.34,13.43,13.43,11942212.0
2021-04-06,13.45,13.54,13.31,13.41,13.41,10554714.0
2021-04-07,13.36,13.39,12.99,13.1,13.1,14918766.0
2021-04-08,13.06,13.14,12.95,12.98,12.98,10723977.0
2021-04-09,12.99,13.04,12.58,12.61,12.61,17701275.0
2021-04-12,12.62,12.77,12.35,12.44,12.44,10693411.0
2021-04-13,12.43,12.52,12.4,12.45,12.45,9033598.0
2021-04-14,12.51,12.84,12.3,12.79,12.79,12691185.0
2021-04-15,12.77,12.85,12.52,12.76,12.76,9548570.0
2021-04-16,12.78,13.08,12.73,12.9,12.9,10294896.0
2021-04-19,12.86,13.07,12.79,13.04,13.04,15275646.0
2021-04-20,13.07,13.07,12.71,12.73,12.73,13926621.0
2021-04-21,12.71,13.34,12.56,13.22,13.22,23981817.0
2021-04-22,13.25,13.63,13.12,13.55,13.55,28568566.0
2021-04-23,13.67,13.7,13.43,13.64,13.64,20597729.0
2021-04-26,13.5,13.68,13.14,13.16,13.16,20702544.0
2021-04-27,13.11,13.39,12.92,13.3,13.3,15807312.0
2021-04-28,13.45,13.66,12.82,13.21,13.21,21315432.0
2021-04-29,13.3,13.31,13.08,13.16,13.16,11253478.0
2021-04-30,13.14,13.26,12.78,13.09,13.09,19217485.0
2021-05-06,13.1,13.6,13.04,13.37,13.37,16864129.0
2021-05-07,13.38,13.75,13.23,13.37,13.37,17004472.0
2021-05-10,13.59,14.59,13.51,14.24,14.24,43352245.0
2021-05-11,14.0,14.1,13.72,14.0,14.0,20443612.0
2021-05-12,13.86,14.46,13.86,14.13,14.13,28045911.0
2021-05-13,13.97,14.65,13.93,14.18,14.18,29874352.0
2021-05-14,14.25,14.35,14.0,14.18,14.18,19422518.0
2021-05-17,14.14,14.49,14.11,14.21,14.21,20248598.0
2021-05-18,14.24,14.28,13.88,14.0,14.0,19947167.0
2021-05-19,14.02,14.1,13.56,13.62,13.62,21853374.0
2021-05-20,13.78,14.23,13.68,14.03,14.03,32607939.0
2021-05-21,14.04,14.18,13.71,13.77,13.77,16073050.0
2021-05-24,13.62,14.28,13.62,13.95,13.95,21023702.0
2021-05-25,13.99,14.05,13.71,13.87,13.87,15259954.0
2021-05-26,13.86,14.95,13.81,14.7,14.7,49255254.0
2021-05-27,14.9,15.3,14.65,14.78,14.78,64016625.0
2021-05-28,14.72,14.8,14.43,14.61,14.61,32845725.0
2021-05-31,14.62,14.86,14.5,14.76,14.76,30512216.0
2021-06-01,14.75,14.98,14.54,14.81,14.81,28418479.0
2021-06-02,14.74,14.78,14.46,14.54,14.54,18886717.0
2021-06-03,14.56,15.05,14.5,14.89,14.89,27328236.0
2021-06-04,14.87,15.35,14.72,15.26,15.26,36565519.0
2021-06-07,15.7,15.86,15.12,15.26,15.26,31576047.0
2021-06-08,15.28,15.33,14.9,15.02,15.02,20477069.0
2021-06-09,14.99,15.43,14.92,15.06,15.06,19520234.0
2021-06-10,14.98,15.05,14.7,14.75,14.75,24193534.0
2021-06-11,14.76,14.77,14.17,14.27,14.27,25696066.0
2021-06-15,14.25,14.47,14.1,14.29,14.29,20863959.0
2021-06-16,14.2,14.44,13.82,13.96,13.96,21425201.0
2021-06-17,13.93,14.4,13.83,14.24,14.24,27005737.0
2021-06-18,14.2,14.29,13.93,14.2,14.2,22642888.0
2021-06-21,14.22,14.44,14.1,14.38,14.38,27213819.0
2021-06-22,14.44,14.45,13.84,13.97,13.97,32584456.0
2021-06-23,13.93,14.23,13.81,14.2,14.2,30891178.0
2021-06-24,14.19,14.22,13.76,13.77,13.77,25794327.0
2021-06-25,13.79,13.89,13.63,13.81,13.81,20723102.0
2021-06-28,13.87,13.94,13.74,13.83,13.83,21896771.0
2021-06-29,13.76,13.88,13.23,13.3,13.3,33143214.0
2021-06-30,13.25,13.55,13.23,13.4,13.4,16583739.0
2021-07-01,13.39,13.41,13.09,13.15,13.15,20421433.0
2021-07-02,13.07,13.18,12.92,13.03,13.03,17939858.0
2021-07-05,13.03,13.37,12.92,13.28,13.28,17052096.0
2021-07-06,13.31,13.58,13.15,13.51,13.51,28965393.0
2021-07-07,13.37,13.75,13.28,13.68,13.68,27604484.0
2021-07-08,13.65,13.81,13.52,13.63,13.63,18273359.0
2021-07-09,13.64,13.65,13.36,13.59,13.59,22000784.0
2021-07-12,13.75,14.05,13.62,13.9,13.9,33693642.0
2021-07-13,13.88,13.95,13.61,13.69,13.69,23768245.0
2021-07-14,13.76,13.76,13.43,13.47,13.47,18457749.0
2021-07-15,13.42,13.5,13.16,13.41,13.41,17861219.0
2021-07-16,13.37,14.01,13.31,13.72,13.72,33267411.0
2021-07-19,13.65,13.97,13.62,13.81,13.81,25842075.0
2021-07-20,13.65,14.24,13.61,14.23,14.23,42737183.0
2021-07-21,14.29,14.58,14.1,14.31,14.31,50329676.0
2021-07-22,14.62,15.33,14.39,15.12,15.12,70829468.0
2021-07-23,15.12,15.58,14.95,15.1,15.1,64228072.0
2021-07-26,15.27,15.79,15.05,15.4,15.4,71910522.0
2021-07-27,15.47,16.08,15.13,15.38,15.38,64659678.0
2021-07-28,15.12,15.29,14.21,14.93,14.93,49069580.0
2021-07-29,15.23,15.45,14.96,15.32,15.32,39879784.0
2021-07-30,15.32,16.84,15.25,16.2,16.2,72460365.0
2021-08-02,16.25,16.78,15.88,16.21,16.21,55191917.0
2021-08-03,16.22,16.35,15.53,15.8,15.8,42060102.0
2021-08-04,15.7,16.28,15.65,16.18,16.18,44794633.0
2021-08-05,16.18,17.57,15.87,17.04,17.04,61150818.0
2021-08-06,16.9,17.09,16.55,16.91,16.91,41112259.0
2021-08-09,17.27,17.48,16.54,17.05,17.05,36306719.0
2021-08-10,17.1,17.81,16.66,16.9,16.9,41812436.0
2021-08-11,16.77,16.95,16.53,16.78,16.78,25071745.0
2021-08-12,16.85,17.8,16.78,17.25,17.25,43029087.0
2021-08-13,17.04,18.37,16.9,18.25,18.25,59166692.0
2021-08-16,18.25,18.36,17.38,17.45,17.45,42187935.0
2021-08-17,17.51,18.08,17.03,17.15,17.15,42102680.0
2021-08-18,17.15,17.15,15.53,15.97,15.97,62452937.0
2021-08-19,16.0,17.22,15.88,17.05,17.05,52139964.0
2021-08-20,17.08,17.21,16.7,16.96,16.96,24698559.0
2021-08-23,17.01,17.66,16.92,17.37,17.37,29096912.0
2021-08-24,17.39,17.61,17.1,17.43,17.43,23158157.0
2021-08-25,17.51,18.03,16.68,17.73,17.73,41448685.0
2021-08-26,17.65,17.95,17.11,17.13,17.13,27500183.0
2021-08-27,17.15,17.48,16.91,16.99,16.99,24120124.0
2021-08-30,17.0,17.37,16.69,16.94,16.94,25201427.0
2021-08-31,16.88,16.97,16.13,16.77,16.77,27688488.0
2021-09-01,16.7,16.97,16.18,16.57,16.57,21710313.0
2021-09-02,16.69,16.9,16.35,16.86,16.86,15439944.0
2021-09-03,16.73,16.73,15.93,16.32,16.32,27760258.0
2021-09-06,16.38,17.69,16.15,17.44,17.44,41013121.0
2021-09-07,17.47,19.18,17.36,18.94,18.94,72777898.0
2021-09-08,18.93,19.14,18.34,18.76,18.76,37660285.0
2021-09-09,18.74,18.92,18.05,18.22,18.22,29128303.0
2021-09-10,18.27,18.28,17.27,17.69,17.69,34208965.0
2021-09-13,17.69,17.78,16.95,17.31,17.31,25315123.0
2021-09-14,17.26,17.5,16.85,16.92,16.92,22950030.0
2021-09-15,16.8,17.28,16.73,17.1,17.1,19793664.0
2021-09-16,17.06,17.25,16.34,16.45,16.45,25879228.0
2021-09-17,16.45,16.77,16.35,16.59,16.59,16355751.0
2021-09-22,16.43,16.55,15.91,16.1,16.1,23993027.0
2021-09-23,16.15,16.65,16.01,16.48,16.48,22032249.0
2021-09-24,16.8,17.08,16.36,16.4,16.4,22343386.0
2021-09-27,16.62,16.84,16.11,16.47,16.47,22095809.0
2021-09-28,16.52,16.6,15.6,15.85,15.85,27130324.0
2021-09-29,15.7,15.8,15.15,15.28,15.28,20989211.0
2021-09-30,15.31,15.57,15.21,15.46,15.46,11331316.0
2021-10-08,15.66,15.96,15.61,15.73,15.73,13202795.0
2021-10-11,15.74,16.02,15.35,15.42,15.42,14296098.0
2021-10-12,15.26,15.38,14.55,14.89,14.89,24711867.0
2021-10-13,14.92,14.94,14.25,14.48,14.48,25081070.0
2021-10-14,14.41,14.62,14.33,14.52,14.52,18245214.0
2021-10-15,14.59,15.17,14.54,14.88,14.88,30114371.0
2021-10-18,15.1,15.15,14.66,14.78,14.78,18515096.0
2021-10-19,14.74,15.06,14.71,15.0,15.0,12475052.0
2021-10-20,15.0,15.18,14.85,14.89,14.89,12452525.0
2021-10-21,14.84,14.97,14.56,14.61,14.61,16531323.0
2021-10-22,14.68,14.92,14.56,14.6,14.6,15671042.0
2021-10-25,14.52,14.68,14.14,14.48,14.48,24571417.0
2021-10-26,14.49,14.7,14.23,14.31,14.31,25584734.0
2021-10-27,14.35,14.52,13.95,14.17,14.17,22509997.0
2021-10-28,14.17,14.37,13.68,13.71,13.71,24779349.0
2021-10-29,13.73,14.08,13.59,13.93,13.93,21097668.0
2021-11-01,13.92,14.45,13.86,14.26,14.26,21396470.0
2021-11-02,14.28,14.41,13.78,13.94,13.94,23919195.0
2021-11-03,13.88,14.21,13.82,13.98,13.98,15878844.0
2021-11-04,13.99,14.8,13.99,14.65,14.65,34501019.0
2021-11-05,14.76,14.8,14.43,14.48,14.48,21070370.0
2021-11-08,14.5,14.55,14.05,14.23,14.23,23926992.0
2021-11-09,14.21,14.7,14.18,14.56,14.56,24490249.0
2021-11-10,14.56,14.72,14.41,14.65,14.65,20709213.0
2021-11-11,14.6,14.95,14.43,14.87,14.87,23597868.0
2021-11-12,14.75,15.05,14.67,14.99,14.99,22642271.0
2021-11-15,14.97,15.03,14.7,14.8,14.8,22941304.0
2021-11-16,14.79,15.02,14.6,14.66,14.66,21535191.0
2021-11-17,14.69,14.89,14.58,14.82,14.82,16025335.0
2021-11-18,14.81,15.05,14.46,14.51,14.51,18753445.0
2021-11-19,14.53,15.96,14.5,15.67,15.67,75107309.0
2021-11-22,16.17,16.68,15.98,16.11,16.11,82702239.0
2021-11-23,16.22,16.56,15.91,16.1,16.1,39275404.0
2021-11-24,16.18,16.65,16.06,16.5,16.5,36278064.0
2021-11-25,16.5,16.66,16.31,16.46,16.46,22915134.0
2021-11-26,16.27,16.5,16.1,16.16,16.16,21110224.0
2021-11-29,15.95,16.49,15.89,16.27,16.27,22883679.0
2021-11-30,16.27,17.26,16.27,17.0,17.0,37945615.0
2021-12-01,17.5,17.5,16.48,17.04,17.04,49271697.0
2021-12-02,17.03,17.08,16.25,16.26,16.26,32878791.0
2021-12-03,16.26,16.47,16.08,16.33,16.33,20375148.0
2021-12-06,16.26,16.61,15.96,16.1,16.1,25236023.0
2021-12-07,16.1,16.24,15.71,15.95,15.95,21078792.0
2021-12-08,15.94,16.38,15.89,16.27,16.27,13436834.0
2021-12-09,16.34,16.68,16.22,16.37,16.37,19174864.0
2021-12-10,16.26,16.34,15.97,16.2,16.2,16084777.0
2021-12-13,16.2,16.29,15.85,16.1,16.1,19156427.0
2021-12-14,16.09,16.15,15.87,15.92,15.92,13451442.0
2021-12-15,15.99,16.54,15.9,16.18,16.18,22342129.0
2021-12-16,16.11,16.3,16.03,16.1,16.1,12674768.0
2021-12-17,16.1,16.15,15.55,15.59,15.59,20776227.0
2021-12-20,15.44,15.54,14.9,14.93,14.93,24655706.0
2021-12-21,14.93,15.08,14.82,15.0,15.0,12821104.0
2021-12-22,15.03,15.24,14.94,14.98,14.98,15052857.0
2021-12-23,15.06,15.09,14.93,15.0,15.0,11975409.0
2021-12-24,14.99,15.05,14.67,14.98,14.98,13445580.0
2021-12-27,14.98,15.27,14.83,15.03,15.03,14493593.0
2021-12-28,15.05,15.18,14.93,15.15,15.15,11479858.0
2021-12-29,15.18,15.19,14.75,14.8,14.8,19736804.0
2021-12-30,14.8,15.29,14.8,15.07,15.07,19516090.0
2021-12-31,15.03,15.23,14.93,15.13,15.13,18332859.0
2022-01-04,15.14,15.46,15.13,15.29,15.29,19366632.0
2022-01-05,15.3,15.34,14.96,15.1,15.1,16546926.0
2022-01-06,15.0,15.36,14.91,15.31,15.31,17413093.0
2022-01-07,15.3,15.44,15.18,15.22,15.22,18273104.0
2022-01-10,15.18,15.24,14.86,15.17,15.17,14303353.0
2022-01-11,15.19,15.42,15.12,15.17,15.17,12917809.0
2022-01-12,15.15,15.28,15.01,15.05,15.05,14112196.0
2022-01-13,15.02,15.1,14.84,14.85,14.85,12649452.0
2022-01-14,14.69,14.74,14.36,14.44,14.44,17982593.0
2022-01-17,14.82,15.33,14.62,14.84,14.84,36222260.0
2022-01-18,14.75,15.25,14.57,14.7,14.7,26873935.0
2022-01-19,14.7,14.74,14.5,14.62,14.62,16900586.0
2022-01-20,14.56,14.67,14.21,14.3,14.3,15450707.0
2022-01-21,14.25,14.3,14.01,14.06,14.06,14809151.0
2022-01-24,13.99,14.2,13.93,14.1,14.1,9628500.0
2022-01-25,14.08,14.14,13.41,13.49,13.49,16543046.0
2022-01-26,13.48,13.68,13.35,13.55,13.55,13504447.0
2022-01-27,13.58,13.67,13.12,13.14,13.14,14741080.0
2022-01-28,13.32,13.35,13.05,13.11,13.11,11544372.0
2022-02-07,13.35,13.64,13.35,13.55,13.55,14815456.0
2022-02-08,13.56,13.72,13.43,13.66,13.66,11572726.0
2022-02-09,13.66,14.02,13.57,13.95,13.95,14591720.0
2022-02-10,13.98,14.03,13.79,13.98,13.98,12817294.0
2022-02-11,13.91,13.91,13.66,13.73,13.73,11181050.0
2022-02-14,13.55,13.71,13.43,13.52,13.52,15961236.0
2022-02-15,13.6,13.74,13.51,13.61,13.61,11238803.0
2022-02-16,13.72,13.77,13.6,13.65,13.65,8713004.0
2022-02-17,13.62,13.68,13.46,13.5,13.5,11433509.0
2022-02-18,13.42,13.59,13.39,13.58,13.58,7348739.0
2022-02-21,13.57,13.74,13.51,13.66,13.66,11255862.0
2022-02-22,13.57,13.57,13.22,13.3,13.3,17845557.0
2022-02-23,13.37,13.83,13.31,13.74,13.74,24095708.0
2022-02-24,13.65,13.82,13.22,13.44,13.44,21003354.0
2022-02-25,13.54,13.76,13.41,13.44,13.44,14242488.0
2022-02-28,13.48,13.53,12.92,12.99,12.99,29471074.0
2022-03-01,13.0,13.1,12.88,13.09,13.09,15615504.0
2022-03-02,12.98,13.08,12.9,13.04,13.04,7941879.0
2022-03-03,13.07,13.09,12.85,12.92,12.92,13641955.0
2022-03-04,12.81,12.91,12.71,12.76,12.76,11583785.0
2022-03-07,12.7,12.7,12.23,12.25,12.25,16667652.0
2022-03-08,12.3,12.37,11.85,11.95,11.95,19356081.0
2022-03-09,12.04,12.13,11.2,11.84,11.84,21957698.0
2022-03-10,12.2,12.34,11.94,11.97,11.97,19602345.0
2022-03-11,11.75,12.07,11.62,12.06,12.06,12645500.0
2022-03-14,11.94,12.18,11.74,11.75,11.75,11472492.0
2022-03-15,11.75,11.76,11.09,11.09,11.09,20035361.0
2022-03-16,11.3,11.62,10.9,11.54,11.54,19766044.0
2022-03-17,11.66,11.85,11.56,11.64,11.64,18339831.0
2022-03-18,11.53,11.77,11.51,11.77,11.77,11156600.0
2022-03-21,11.87,11.89,11.58,11.69,11.69,11602680.0
2022-03-22,11.7,11.79,11.61,11.66,11.66,14478431.0
2022-03-23,11.73,11.82,11.66,11.76,11.76,11701593.0
2022-03-24,11.7,11.7,11.47,11.5,11.5,12028805.0
2022-03-25,11.49,11.81,11.47,11.63,11.63,14363546.0
2022-03-28,11.6,11.71,11.35,11.61,11.61,14545752.0
2022-03-29,11.69,11.71,11.3,11.36,11.36,12454622.0
2022-03-30,11.4,11.82,11.4,11.77,11.77,19932586.0
2022-03-31,11.68,11.78,11.53,11.56,11.56,15491840.0
2022-04-01,11.53,11.74,11.39,11.72,11.72,15355629.0
2022-04-06,11.65,11.79,11.61,11.79,11.79,15233516.0
2022-04-07,11.79,11.8,11.37,11.4,11.4,15279812.0
2022-04-08,11.39,11.45,10.82,10.88,10.88,31241302.0
2022-04-11,10.79,10.83,10.35,10.46,10.46,20943730.0
2022-04-12,10.43,10.75,10.35,10.74,10.74,15829281.0
2022-04-13,10.68,10.71,10.45,10.55,10.55,9619970.0
2022-04-14,10.6,10.72,10.57,10.64,10.64,8743022.0
2022-04-15,10.5,10.58,10.37,10.49,10.49,9912500.0
2022-04-18,10.5,10.58,10.3,10.48,10.48,10855053.0
2022-04-19,10.5,10.77,10.45,10.63,10.63,11387891.0
2022-04-20,10.64,10.74,10.4,10.49,10.49,10828460.0
2022-04-21,10.4,10.59,10.0,10.02,10.02,20279631.0
2022-04-22,9.99,10.15,9.86,10.02,10.02,13495552.0
2022-04-25,9.79,9.83,9.16,9.16,9.16,20499938.0
2022-04-26,9.19,9.25,8.75,8.78,8.78,17116462.0
2022-04-27,8.64,9.22,8.58,9.21,9.21,18635116.0
2022-04-28,8.99,9.0,8.29,8.39,8.39,40344359.0
2022-04-29,8.44,8.97,8.44,8.92,8.92,34388515.0
2022-05-05,8.92,8.97,8.71,8.81,8.81,19085186.0
2022-05-06,8.6,8.61,8.4,8.43,8.43,19065300.0
2022-05-09,8.43,8.6,8.39,8.47,8.47,12189889.0
2022-05-10,8.35,8.65,8.27,8.6,8.6,18226946.0
2022-05-11,8.61,8.93,8.56,8.7,8.7,23251185.0
2022-05-12,8.63,8.83,8.59,8.73,8.73,15816284.0
2022-05-13,8.79,8.88,8.61,8.72,8.72,15619603.0
2022-05-16,8.75,8.85,8.68,8.78,8.78,16570856.0
2022-05-17,8.78,8.89,8.72,8.89,8.89,17998040.0
2022-05-18,8.89,8.99,8.83,8.93,8.93,17881873.0
2022-05-19,8.74,9.08,8.7,9.08,9.08,17718036.0
2022-05-20,9.15,9.34,9.07,9.25,9.25,18641419.0
2022-05-23,9.27,9.32,9.18,9.28,9.28,13812023.0
2022-05-24,9.31,9.39,8.8,8.84,8.84,22815689.0
2022-05-25,8.8,8.99,8.8,8.94,8.94,12275763.0
2022-05-26,8.94,8.98,8.72,8.94,8.94,15050226.0
2022-05-27,8.88,8.97,8.66,8.73,8.73,15829439.0
2022-05-30,8.75,8.89,8.71,8.79,8.79,12509712.0
2022-05-31,8.81,9.07,8.7,9.04,9.04,18714975.0
2022-06-01,9.01,9.17,8.98,9.12,9.12,17022754.0
2022-06-02,9.06,9.22,9.01,9.21,9.21,15492745.0
2022-06-06,9.2,9.44,9.15,9.41,9.41,21387727.0
2022-06-07,9.55,9.68,9.29,9.35,9.35,25725565.0
2022-06-08,9.37,9.4,9.14,9.3,9.3,16780094.0
2022-06-09,9.28,9.28,9.01,9.09,9.09,13990213.0
2022-06-10,9.06,9.29,9.03,9.26,9.26,13390794.0
2022-06-13,9.18,9.3,9.09,9.2,9.2,14194477.0
2022-06-14,9.11,9.27,8.87,9.26,9.26,20018920.0
2022-06-15,9.28,9.58,9.23,9.38,9.38,25449115.0
2022-06-16,9.38,9.59,9.36,9.5,9.5,21607102.0
2022-06-17,9.39,9.53,9.29,9.49,9.49,15158873.0
2022-06-20,9.54,9.62,9.46,9.58,9.58,14329167.0
2022-06-21,9.61,9.63,9.4,9.52,9.52,12110634.0
2022-06-22,9.51,9.53,9.24,9.25,9.25,14762167.0
2022-06-23,9.25,9.55,9.23,9.53,9.53,15454560.0
2022-06-24,9.54,9.66,9.5,9.6,9.6,14548470.0
2022-06-27,9.69,9.74,9.53,9.63,9.63,16238172.0
2022-06-28,9.72,9.88,9.55,9.87,9.87,16482771.0
2022-06-29,9.8,10.05,9.68,9.68,9.68,18054276.0
2022-06-30,9.74,9.85,9.69,9.77,9.77,11095491.0
2022-07-01,9.83,10.07,9.76,9.91,9.91,18241096.0
2022-07-04,9.77,9.79,9.56,9.67,9.67,19845419.0
2022-07-05,9.77,9.92,9.5,9.62,9.62,19159957.0
2022-07-06,9.61,9.69,9.37,9.47,9.47,15059245.0
2022-07-07,9.44,9.8,9.42,9.63,9.63,16756540.0
2022-07-08,9.62,9.78,9.52,9.54,9.54,12202376.0
2022-07-11,9.49,9.5,9.17,9.25,9.25,16506604.0
2022-07-12,9.3,9.36,9.05,9.05,9.05,12206799.0
2022-07-13,9.05,9.17,9.04,9.1,9.1,7775694.0
2022-07-14,9.06,9.24,9.06,9.15,9.15,7949499.0
2022-07-15,8.75,8.8,8.33,8.38,8.38,33629554.0
2022-07-18,8.41,8.85,8.41,8.78,8.78,24852163.0
2022-07-19,8.79,8.89,8.7,8.85,8.85,13324547.0
2022-07-20,8.9,9.4,8.83,9.14,9.14,22717380.0
2022-07-21,9.19,10.05,9.14,10.05,10.05,61497287.0
2022-07-22,10.2,10.46,9.9,9.95,9.95,72303382.0